idx,Question_no,Set_no,idx1,idx2,idx3,idx4
0,Q1,1,991,450,156,1459
1,Q2,1,1167,688,138,1415
2,Q3,1,1100,866,955,1405
3,Q4,1,1051,1121,44,1444
4,Q5,1,170,807,999,1315
5,Q6,1,832,373,867,1329
6,Q7,1,852,306,919,1287
7,Q8,1,1016,397,560,1491
8,Q9,1,296,1108,1169,1340
9,Q10,1,1171,574,412,1572
10,Q11,1,149,874,478,1334
11,Q12,1,979,1020,435,1489
12,Q13,1,152,789,829,1350
13,Q14,1,964,654,172,1209
14,Q15,1,243,0,374,1355
15,Q16,1,1149,334,1098,1307
16,Q17,1,25,340,492,1595
17,Q18,1,944,46,300,1504
18,Q19,1,720,914,491,1292
19,Q20,1,1177,600,524,1414
20,Q21,1,407,839,297,1375
21,Q22,1,69,739,559,1290
22,Q23,1,668,757,248,1251
23,Q24,1,15,129,161,1284
24,Q25,1,401,275,178,1336
25,Q26,1,911,210,815,1381
26,Q27,1,361,246,749,1312
27,Q28,1,646,503,898,1581
28,Q29,1,242,106,174,1453
29,Q30,1,489,429,951,1297
30,Q31,1,229,320,372,1313
31,Q32,1,564,1126,926,1310
32,Q33,1,1047,40,16,1286
33,Q34,1,383,843,140,1235
34,Q35,1,1103,101,1078,1427
35,Q36,1,607,599,685,1481
36,Q37,1,1135,959,660,1432
37,Q38,1,282,89,331,1331
38,Q39,1,1173,454,332,1373
39,Q40,1,132,614,710,1549
40,Q41,1,451,1188,704,1462
41,Q42,1,869,502,1185,1559
42,Q43,1,239,1038,1030,1349
43,Q44,1,935,1136,595,1448
44,Q45,1,1011,605,1086,1563
45,Q46,1,231,222,752,1434
46,Q47,1,103,676,1026,1302
47,Q48,1,10,351,548,1368
48,Q49,1,202,765,1181,1311
49,Q50,1,298,1154,198,1248
50,Q51,1,620,556,272,1425
51,Q52,1,108,650,612,1300
52,Q53,1,230,775,1022,1565
53,Q54,1,889,14,692,1398
54,Q55,1,290,128,250,1443
55,Q56,1,30,799,353,1330
56,Q57,1,895,145,563,1243
57,Q58,1,796,1023,1072,1399
58,Q59,1,1183,906,899,1255
59,Q60,1,550,380,837,1484
60,Q61,1,133,824,288,1460
61,Q62,1,812,241,378,1362
62,Q63,1,970,283,896,1500
63,Q64,1,216,890,1055,1261
64,Q65,1,1075,606,1029,1296
65,Q66,1,147,1027,389,1231
66,Q67,1,1184,316,649,1219
67,Q68,1,750,506,255,1396
68,Q69,1,96,379,730,1417
69,Q70,1,371,1090,982,1298
70,Q71,1,404,505,731,1283
71,Q72,1,675,526,85,1547
72,Q73,1,513,902,1145,1214
73,Q74,1,343,125,181,1388
74,Q75,1,611,418,1139,1275
75,Q76,1,509,94,1010,1352
76,Q77,1,1198,690,477,1351
77,Q78,1,1175,43,169,1212
78,Q79,1,1067,355,779,1244
79,Q80,1,189,382,881,1240
80,Q81,1,670,194,408,1436
81,Q82,1,1092,165,849,1246
82,Q83,1,1061,818,240,1295
83,Q84,1,47,187,1123,1338
84,Q85,1,399,9,323,1345
85,Q86,1,997,446,410,1464
86,Q87,1,422,431,1130,1422
87,Q88,1,892,1017,547,1431
88,Q89,1,1143,376,878,1508
89,Q90,1,131,989,699,1518
90,Q91,1,197,385,485,1217
91,Q92,1,139,35,102,1445
92,Q93,1,328,629,90,1264
93,Q94,1,517,618,873,1341
94,Q95,1,335,325,1105,1316
95,Q96,1,425,406,1155,1466
96,Q97,1,136,961,947,1343
97,Q98,1,786,769,313,1383
98,Q99,1,518,32,375,1477
99,Q100,1,347,643,72,1411
100,Q101,1,785,868,498,1465
101,Q102,1,535,888,158,1536
102,Q103,1,918,856,1057,1552
103,Q104,1,370,555,479,1200
104,Q105,1,341,111,1035,1379
105,Q106,1,842,626,54,1394
106,Q107,1,319,294,99,1430
107,Q108,1,583,398,1080,1478
108,Q109,1,716,359,437,1413
109,Q110,1,709,875,233,1407
110,Q111,1,639,168,610,1236
111,Q112,1,1144,1179,934,1339
112,Q113,1,356,497,623,1280
113,Q114,1,884,1025,236,1496
114,Q115,1,1197,415,908,1395
115,Q116,1,1125,857,761,1226
116,Q117,1,1168,588,987,1592
117,Q118,1,57,590,910,1451
118,Q119,1,667,886,841,1482
119,Q120,1,1194,123,891,1531
120,Q121,1,942,175,121,1221
121,Q122,1,850,473,1137,1392
122,Q123,1,722,311,1170,1440
123,Q124,1,858,662,700,1566
124,Q125,1,615,663,1081,1540
125,Q126,1,488,1070,163,1493
126,Q127,1,777,259,434,1256
127,Q128,1,1050,515,1182,1220
128,Q129,1,305,51,1164,1218
129,Q130,1,36,62,267,1282
130,Q131,1,377,735,924,1366
131,Q132,1,1068,790,254,1242
132,Q133,1,508,432,462,1223
133,Q134,1,500,510,937,1358
134,Q135,1,1036,28,350,1360
135,Q136,1,921,1012,1117,1490
136,Q137,1,635,232,554,1573
137,Q138,1,50,1134,453,1589
138,Q139,1,252,1101,568,1201
139,Q140,1,960,420,1142,1410
140,Q141,1,523,122,925,1480
141,Q142,1,55,672,442,1403
142,Q143,1,1122,448,695,1266
143,Q144,1,572,457,781,1474
144,Q145,1,864,1053,467,1588
145,Q146,1,533,809,480,1229
146,Q147,1,922,787,226,1525
147,Q148,1,1032,475,594,1580
148,Q149,1,177,109,734,1213
149,Q150,1,968,521,1062,1487
150,Q151,1,1059,1002,326,1365
151,Q152,1,1004,689,953,1409
152,Q153,1,686,767,315,1596
153,Q154,1,792,932,153,1568
154,Q155,1,188,114,1127,1326
155,Q156,1,458,391,253,1574
156,Q157,1,1180,930,617,1247
157,Q158,1,1063,1096,293,1346
158,Q159,1,6,738,179,1372
159,Q160,1,1049,1141,880,1428
160,Q161,1,247,958,1186,1393
161,Q162,1,733,834,59,1511
162,Q163,1,1087,956,940,1390
163,Q164,1,570,696,1085,1579
164,Q165,1,985,173,1156,1550
165,Q166,1,802,285,1074,1320
166,Q167,1,1079,847,1039,1258
167,Q168,1,805,774,160,1253
168,Q169,1,943,1099,512,1438
169,Q170,1,1191,1178,854,1257
170,Q171,1,1066,907,251,1348
171,Q172,1,981,166,764,1542
172,Q173,1,270,207,1189,1534
173,Q174,1,171,146,897,1254
174,Q175,1,636,713,322,1469
175,Q176,1,444,86,213,1374
176,Q177,1,365,496,227,1456
177,Q178,1,278,113,544,1357
178,Q179,1,3,1003,877,1532
179,Q180,1,963,81,598,1225
180,Q181,1,1150,345,118,1386
181,Q182,1,1083,859,308,1433
182,Q183,1,363,271,344,1204
183,Q184,1,416,697,1052,1291
184,Q185,1,1195,592,394,1363
185,Q186,1,281,455,92,1457
186,Q187,1,258,287,34,1230
187,Q188,1,469,209,180,1557
188,Q189,1,151,657,348,1317
189,Q190,1,625,1146,212,1452
190,Q191,1,549,292,277,1562
191,Q192,1,870,912,996,1598
192,Q193,1,933,223,116,1335
193,Q194,1,1060,658,137,1535
194,Q195,1,844,1114,191,1506
195,Q196,1,986,642,876,1272
196,Q197,1,256,433,215,1520
197,Q198,1,224,810,608,1233
198,Q199,1,546,192,201,1408
199,Q200,1,565,135,1021,1494
200,Q201,1,522,1089,1034,1378
201,Q202,1,1046,1124,33,1537
202,Q203,1,317,971,27,1545
203,Q204,1,452,342,403,1325
204,Q205,1,440,1037,1157,1260
205,Q206,1,38,1193,419,1497
206,Q207,1,354,782,794,1268
207,Q208,1,882,414,1147,1510
208,Q209,1,671,567,993,1488
209,Q210,1,624,183,562,1289
210,Q211,1,901,127,766,1211
211,Q212,1,148,833,853,1516
212,Q213,1,249,957,817,1207
213,Q214,1,545,801,494,1483
214,Q215,1,520,218,470,1238
215,Q216,1,938,529,321,1587
216,Q217,1,29,421,468,1380
217,Q218,1,736,762,1111,1519
218,Q219,1,302,493,82,1423
219,Q220,1,260,381,579,1322
220,Q221,1,923,107,199,1391
221,Q222,1,64,439,120,1288
222,Q223,1,472,845,753,1210
223,Q224,1,693,715,1196,1522
224,Q225,1,238,17,5,1203
225,Q226,1,338,37,511,1555
226,Q227,1,758,980,400,1279
227,Q228,1,984,655,1091,1324
228,Q229,1,962,1013,1093,1473
229,Q230,1,68,974,1009,1512
230,Q231,1,1095,1088,678,1499
231,Q232,1,309,751,800,1222
232,Q233,1,184,954,19,1406
233,Q234,1,601,795,190,1420
234,Q235,1,652,176,798,1569
235,Q236,1,863,587,208,1538
236,Q237,1,861,84,648,1371
237,Q238,1,205,130,589,1309
238,Q239,1,1006,460,1069,1599
239,Q240,1,694,384,95,1319
240,Q241,1,941,490,1043,1356
241,Q242,1,516,631,88,1530
242,Q243,1,360,538,220,1591
243,Q244,1,1115,553,905,1461
244,Q245,1,855,711,1064,1342
245,Q246,1,791,973,185,1361
246,Q247,1,263,939,329,1556
247,Q248,1,1001,759,1110,1560
248,Q249,1,977,727,349,1344
249,Q250,1,274,24,358,1303
250,Q251,1,717,65,1048,1454
251,Q252,1,445,366,159,1281
252,Q253,1,31,581,357,1467
253,Q254,1,388,150,669,1385
254,Q255,1,318,651,665,1561
255,Q256,1,1192,228,557,1387
256,Q257,1,541,352,204,1586
257,Q258,1,164,616,708,1524
258,Q259,1,763,436,580,1578
259,Q260,1,392,771,423,1306
260,Q261,1,244,893,214,1594
261,Q262,1,682,1176,413,1437
262,Q263,1,1104,1140,978,1353
263,Q264,1,674,1187,828,1551
264,Q265,1,1071,714,1056,1429
265,Q266,1,167,265,324,1492
266,Q267,1,91,920,386,1327
267,Q268,1,768,586,1161,1267
268,Q269,1,63,390,1084,1205
269,Q270,1,449,279,280,1513
270,Q271,1,1008,826,257,1575
271,Q272,1,1120,417,507,1479
272,Q273,1,862,747,1018,1541
273,Q274,1,1005,825,728,1418
274,Q275,1,1041,142,966,1402
275,Q276,1,11,712,582,1401
276,Q277,1,269,659,426,1304
277,Q278,1,264,701,831,1523
278,Q279,1,741,772,883,1270
279,Q280,1,74,846,776,1216
280,Q281,1,719,299,66,1517
281,Q282,1,1152,566,915,1252
282,Q283,1,67,928,903,1548
283,Q284,1,519,1019,585,1426
284,Q285,1,1077,49,471,1333
285,Q286,1,333,75,200,1274
286,Q287,1,486,778,948,1503
287,Q288,1,87,630,336,1232
288,Q289,1,1128,804,788,1529
289,Q290,1,441,1094,289,1215
290,Q291,1,990,58,447,1567
291,Q292,1,975,18,221,1514
292,Q293,1,284,83,848,1382
293,Q294,1,578,543,539,1553
294,Q295,1,702,364,1044,1485
295,Q296,1,591,673,396,1271
296,Q297,1,301,1199,865,1486
297,Q298,1,1131,501,1031,1472
298,Q299,1,830,821,1,1301
299,Q300,1,71,1007,276,1543
300,Q301,1,988,976,268,1546
301,Q302,1,936,760,664,1424
302,Q303,1,584,484,780,1277
303,Q304,1,726,913,945,1533
304,Q305,1,312,619,916,1245
305,Q306,1,291,482,647,1389
306,Q307,1,1165,387,1112,1364
307,Q308,1,427,476,803,1227
308,Q309,1,217,134,872,1332
309,Q310,1,793,577,681,1570
310,Q311,1,409,894,307,1337
311,Q312,1,1024,597,900,1585
312,Q313,1,465,946,98,1354
313,Q314,1,157,823,998,1593
314,Q315,1,463,835,310,1276
315,Q316,1,558,725,927,1359
316,Q317,1,245,571,26,1450
317,Q318,1,952,22,12,1558
318,Q319,1,680,1133,45,1273
319,Q320,1,219,827,1000,1507
320,Q321,1,141,621,575,1449
321,Q322,1,4,683,721,1269
322,Q323,1,536,459,73,1321
323,Q324,1,41,748,369,1369
324,Q325,1,234,755,1015,1397
325,Q326,1,540,1040,1132,1582
326,Q327,1,851,576,949,1590
327,Q328,1,885,836,1153,1294
328,Q329,1,303,1107,1116,1305
329,Q330,1,638,79,783,1527
330,Q331,1,1118,1058,1148,1265
331,Q332,1,144,838,995,1202
332,Q333,1,162,679,110,1475
333,Q334,1,261,411,495,1442
334,Q335,1,461,707,314,1576
335,Q336,1,641,39,687,1323
336,Q337,1,1042,438,1166,1400
337,Q338,1,950,76,20,1241
338,Q339,1,530,235,330,1468
339,Q340,1,1174,552,917,1584
340,Q341,1,1073,196,632,1476
341,Q342,1,656,633,640,1370
342,Q343,1,909,744,822,1435
343,Q344,1,706,1054,395,1224
344,Q345,1,424,8,206,1347
345,Q346,1,97,1014,745,1564
346,Q347,1,622,143,684,1234
347,Q348,1,1106,637,262,1441
348,Q349,1,53,931,48,1502
349,Q350,1,531,743,972,1471
350,Q351,1,814,295,483,1376
351,Q352,1,525,193,1082,1544
352,Q353,1,1119,327,737,1263
353,Q354,1,677,514,70,1262
354,Q355,1,604,60,561,1328
355,Q356,1,653,80,613,1439
356,Q357,1,13,155,534,1293
357,Q358,1,77,464,732,1539
358,Q359,1,542,286,551,1554
359,Q360,1,816,428,56,1528
360,Q361,1,705,100,813,1384
361,Q362,1,504,393,339,1458
362,Q363,1,661,1151,983,1498
363,Q364,1,78,887,634,1308
364,Q365,1,7,871,740,1577
365,Q366,1,627,1162,211,1597
366,Q367,1,154,573,797,1318
367,Q368,1,773,770,879,1367
368,Q369,1,21,811,1033,1509
369,Q370,1,1109,754,1158,1416
370,Q371,1,195,698,273,1237
371,Q372,1,487,628,182,1278
372,Q373,1,126,112,1160,1446
373,Q374,1,609,967,203,1285
374,Q375,1,724,1190,929,1495
375,Q376,1,104,430,124,1206
376,Q377,1,443,304,703,1250
377,Q378,1,362,1028,499,1419
378,Q379,1,527,808,337,1412
379,Q380,1,532,840,1097,1463
380,Q381,1,806,746,2,1501
381,Q382,1,860,367,115,1447
382,Q383,1,718,119,61,1455
383,Q384,1,820,992,346,1470
384,Q385,1,596,666,1159,1515
385,Q386,1,105,965,537,1249
386,Q387,1,969,481,784,1377
387,Q388,1,1172,474,1163,1505
388,Q389,1,52,691,466,1259
389,Q390,1,368,402,602,1228
390,Q391,1,1129,593,266,1314
391,Q392,1,23,1045,569,1526
392,Q393,1,1113,456,1138,1421
393,Q394,1,117,1102,528,1583
394,Q395,1,237,994,644,1299
395,Q396,1,405,42,645,1571
396,Q397,1,1076,756,1065,1521
397,Q398,1,225,729,819,1404
398,Q399,1,186,723,93,1208
399,Q400,1,603,742,904,1239
400,Q1,2,734,1075,623,1202
401,Q2,2,1146,108,1198,1417
402,Q3,2,594,32,849,1444
403,Q4,2,1083,255,383,1270
404,Q5,2,408,1178,1134,1385
405,Q6,2,6,1061,290,1309
406,Q7,2,815,843,377,1215
407,Q8,2,359,215,454,1445
408,Q9,2,779,1087,455,1257
409,Q10,2,932,852,997,1247
410,Q11,2,1181,824,1170,1340
411,Q12,2,565,450,533,1473
412,Q13,2,1182,547,152,1297
413,Q14,2,343,777,1099,1435
414,Q15,2,1117,1197,933,1373
415,Q16,2,293,54,298,1467
416,Q17,2,137,256,412,1474
417,Q18,2,930,444,111,1280
418,Q19,2,1177,431,373,1452
419,Q20,2,492,1016,626,1279
420,Q21,2,774,131,878,1398
421,Q22,2,785,960,335,1468
422,Q23,2,306,332,908,1287
423,Q24,2,1038,270,548,1419
424,Q25,2,524,592,267,1498
425,Q26,2,113,446,146,1307
426,Q27,2,832,425,695,1597
427,Q28,2,479,881,550,1263
428,Q29,2,170,926,1080,1380
429,Q30,2,103,500,750,1472
430,Q31,2,451,239,896,1265
431,Q32,2,198,207,513,1409
432,Q33,2,242,133,35,1228
433,Q34,2,612,526,171,1311
434,Q35,2,895,799,345,1438
435,Q36,2,888,25,1051,1386
436,Q37,2,792,356,1011,1290
437,Q38,2,877,50,1023,1209
438,Q39,2,1063,125,875,1425
439,Q40,2,36,1025,1127,1308
440,Q41,2,194,1185,313,1598
441,Q42,2,326,1122,1101,1458
442,Q43,2,72,62,114,1497
443,Q44,2,761,999,686,1379
444,Q45,2,370,129,991,1531
445,Q46,2,810,841,970,1462
446,Q47,2,657,802,710,1343
447,Q48,2,968,328,1092,1285
448,Q49,2,1070,764,1081,1599
449,Q50,2,457,689,1085,1255
450,Q51,2,572,1010,1171,1421
451,Q52,2,1121,213,509,1573
452,Q53,2,1145,963,498,1337
453,Q54,2,660,55,1029,1243
454,Q55,2,615,598,781,1494
455,Q56,2,145,489,233,1329
456,Q57,2,246,59,692,1242
457,Q58,2,1068,168,880,1404
458,Q59,2,9,907,14,1334
459,Q60,2,201,477,1154,1322
460,Q61,2,556,925,789,1360
461,Q62,2,1149,730,51,1303
462,Q63,2,890,924,1103,1465
463,Q64,2,173,1049,709,1295
464,Q65,2,192,554,180,1517
465,Q66,2,469,1173,989,1486
466,Q67,2,658,749,331,1427
467,Q68,2,197,944,209,1556
468,Q69,2,136,898,847,1579
469,Q70,2,868,1004,174,1491
470,Q71,2,704,503,1135,1437
471,Q72,2,611,505,226,1514
472,Q73,2,374,1136,1137,1539
473,Q74,2,943,837,685,1349
474,Q75,2,296,40,99,1350
475,Q76,2,964,15,181,1430
476,Q77,2,636,1175,348,1410
477,Q78,2,757,842,1035,1384
478,Q79,2,46,1050,101,1371
479,Q80,2,177,316,765,1525
480,Q81,2,251,288,229,1596
481,Q82,2,906,635,752,1565
482,Q83,2,1002,1194,676,1200
483,Q84,2,278,1169,123,1516
484,Q85,2,588,675,1086,1456
485,Q86,2,1105,956,570,1507
486,Q87,2,1114,981,135,1276
487,Q88,2,546,28,857,1210
488,Q89,2,856,47,109,1208
489,Q90,2,90,365,502,1258
490,Q91,2,959,942,252,1351
491,Q92,2,480,614,979,1260
492,Q93,2,1139,407,191,1501
493,Q94,2,739,982,224,1521
494,Q95,2,434,397,401,1578
495,Q96,2,189,406,790,1540
496,Q97,2,497,308,187,1273
497,Q98,2,1047,1059,583,1364
498,Q99,2,212,1030,605,1459
499,Q100,2,341,1126,517,1532
500,Q101,2,283,1142,512,1246
501,Q102,2,663,1074,429,1414
502,Q103,2,617,43,232,1218
503,Q104,2,485,549,805,1203
504,Q105,2,355,248,275,1510
505,Q106,2,1036,160,94,1450
506,Q107,2,866,937,350,1366
507,Q108,2,642,1026,510,1402
508,Q109,2,116,163,738,1524
509,Q110,2,1096,731,1067,1545
510,Q111,2,1079,231,1125,1374
511,Q112,2,670,720,919,1546
512,Q113,2,662,161,608,1461
513,Q114,2,555,918,334,1377
514,Q115,2,322,735,344,1236
515,Q116,2,643,361,767,1503
516,Q117,2,416,496,230,1274
517,Q118,2,722,564,294,1584
518,Q119,2,404,590,272,1563
519,Q120,2,175,380,1003,1481
520,Q121,2,667,320,475,1591
521,Q122,2,106,521,351,1394
522,Q123,2,953,1180,574,1207
523,Q124,2,138,867,961,1440
524,Q125,2,844,807,147,1362
525,Q126,2,1022,560,563,1346
526,Q127,2,398,389,1078,1449
527,Q128,2,488,259,1057,1313
528,Q129,2,515,1052,650,1504
529,Q130,2,947,102,869,1511
530,Q131,2,733,1184,166,1347
531,Q132,2,353,315,227,1550
532,Q133,2,378,607,254,1372
533,Q134,2,371,1100,891,1534
534,Q135,2,10,985,1062,1275
535,Q136,2,544,258,432,1484
536,Q137,2,629,347,86,1505
537,Q138,2,415,1191,34,1233
538,Q139,2,81,850,151,1232
539,Q140,2,491,442,253,1361
540,Q141,2,379,399,1144,1592
541,Q142,2,422,0,1189,1383
542,Q143,2,92,202,600,1570
543,Q144,2,986,394,391,1506
544,Q145,2,690,247,699,1305
545,Q146,2,1021,1060,595,1479
546,Q147,2,1141,375,523,1488
547,Q148,2,873,1098,812,1310
548,Q149,2,85,1027,282,1594
549,Q150,2,876,363,834,1451
550,Q151,2,568,458,410,1568
551,Q152,2,955,243,121,1304
552,Q153,2,188,210,323,1463
553,Q154,2,385,958,435,1321
554,Q155,2,535,30,996,1431
555,Q156,2,300,818,934,1251
556,Q157,2,16,1072,1155,1230
557,Q158,2,809,672,1130,1306
558,Q159,2,796,697,864,1253
559,Q160,2,1012,716,478,1401
560,Q161,2,922,775,433,1493
561,Q162,2,453,506,1055,1555
562,Q163,2,654,1123,118,1332
563,Q164,2,1143,462,223,1475
564,Q165,2,178,1156,1017,1412
565,Q166,2,713,618,122,1590
566,Q167,2,57,132,285,1423
567,Q168,2,44,606,696,1314
568,Q169,2,140,508,1066,1206
569,Q170,2,372,874,854,1284
570,Q171,2,1168,649,1150,1537
571,Q172,2,1186,668,69,1446
572,Q173,2,787,914,940,1296
573,Q174,2,467,250,859,1460
574,Q175,2,639,1053,921,1237
575,Q176,2,287,610,241,1566
576,Q177,2,376,935,437,1234
577,Q178,2,165,448,89,1249
578,Q179,2,1188,153,297,1442
579,Q180,2,1090,1164,902,1226
580,Q181,2,987,646,1032,1248
581,Q182,2,271,179,870,1522
582,Q183,2,128,222,786,1363
583,Q184,2,559,1108,889,1515
584,Q185,2,769,139,1039,1547
585,Q186,2,911,169,892,1356
586,Q187,2,518,216,897,1533
587,Q188,2,382,3,899,1587
588,Q189,2,172,156,599,1262
589,Q190,2,858,473,886,1557
590,Q191,2,839,418,149,1205
591,Q192,2,1020,884,700,1403
592,Q193,2,292,319,912,1241
593,Q194,2,1167,620,236,1544
594,Q195,2,910,281,240,1312
595,Q196,2,305,420,688,1281
596,Q197,2,96,1179,1183,1512
597,Q198,2,158,340,325,1585
598,Q199,2,1195,311,951,1338
599,Q200,2,829,625,277,1252
600,Q201,2,593,525,571,1225
601,Q202,2,421,1037,820,1320
602,Q203,2,931,1187,1152,1477
603,Q204,2,91,413,1166,1432
604,Q205,2,427,1172,124,1551
605,Q206,2,641,393,127,1549
606,Q207,2,545,573,1097,1376
607,Q208,2,1056,358,744,1407
608,Q209,2,274,182,1115,1528
609,Q210,2,299,760,402,1336
610,Q211,2,994,1160,1163,1513
611,Q212,2,534,21,783,1499
612,Q213,2,702,447,18,1439
613,Q214,2,1106,726,77,1420
614,Q215,2,687,619,915,1219
615,Q216,2,249,1193,759,1298
616,Q217,2,1091,235,582,1405
617,Q218,2,45,143,49,1259
618,Q219,2,445,950,751,1327
619,Q220,2,493,1162,778,1552
620,Q221,2,1007,1084,693,1508
621,Q222,2,647,1077,766,1581
622,Q223,2,773,1153,566,1354
623,Q224,2,1102,939,811,1561
624,Q225,2,228,879,176,1453
625,Q226,2,95,110,671,1580
626,Q227,2,100,909,974,1509
627,Q228,2,266,871,119,1238
628,Q229,2,309,536,862,1378
629,Q230,2,159,330,962,1535
630,Q231,2,337,1065,659,1286
631,Q232,2,307,257,22,1254
632,Q233,2,561,428,83,1485
633,Q234,2,41,261,763,1381
634,Q235,2,863,723,603,1222
635,Q236,2,1031,1124,920,1323
636,Q237,2,476,656,276,1593
637,Q238,2,268,130,719,1240
638,Q239,2,303,543,87,1538
639,Q240,2,31,1006,484,1470
640,Q241,2,314,487,1028,1269
641,Q242,2,514,1113,927,1229
642,Q243,2,780,342,770,1239
643,Q244,2,975,569,706,1478
644,Q245,2,403,977,601,1293
645,Q246,2,155,346,1094,1583
646,Q247,2,519,263,905,1348
647,Q248,2,329,584,499,1454
648,Q249,2,33,318,520,1220
649,Q250,2,855,819,304,1271
650,Q251,2,1158,782,417,1291
651,Q252,2,801,784,164,1352
652,Q253,2,88,1138,1041,1502
653,Q254,2,540,472,424,1345
654,Q255,2,957,360,157,1315
655,Q256,2,392,616,354,1588
656,Q257,2,732,609,449,1292
657,Q258,2,831,333,1157,1256
658,Q259,2,39,211,822,1466
659,Q260,2,1073,727,289,1399
660,Q261,2,900,1151,628,1577
661,Q262,2,622,604,1165,1396
662,Q263,2,486,653,621,1589
663,Q264,2,58,756,1196,1559
664,Q265,2,537,2,419,1214
665,Q266,2,941,368,655,1464
666,Q267,2,992,838,967,1375
667,Q268,2,976,577,762,1553
668,Q269,2,269,430,633,1288
669,Q270,2,1089,193,38,1282
670,Q271,2,264,327,317,1268
671,Q272,2,196,237,828,1495
672,Q273,2,490,848,1112,1369
673,Q274,2,262,776,827,1395
674,Q275,2,1110,142,808,1520
675,Q276,2,748,1005,532,1397
676,Q277,2,68,463,302,1278
677,Q278,2,1024,321,120,1408
678,Q279,2,301,23,804,1422
679,Q280,2,917,1043,928,1367
680,Q281,2,644,637,938,1564
681,Q282,2,366,126,511,1342
682,Q283,2,814,872,1033,1393
683,Q284,2,141,464,482,1365
684,Q285,2,362,352,638,1554
685,Q286,2,724,279,634,1344
686,Q287,2,1119,969,452,1283
687,Q288,2,481,1176,396,1433
688,Q289,2,806,529,737,1217
689,Q290,2,117,538,27,1216
690,Q291,2,1093,73,80,1355
691,Q292,2,703,284,37,1418
692,Q293,2,851,893,674,1318
693,Q294,2,84,798,971,1359
694,Q295,2,551,214,112,1204
695,Q296,2,56,195,1140,1324
696,Q297,2,586,1159,1088,1319
697,Q298,2,746,669,729,1469
698,Q299,2,501,640,578,1480
699,Q300,2,1019,388,742,1224
700,Q301,2,60,853,441,1231
701,Q302,2,387,245,701,1490
702,Q303,2,631,1044,206,1227
703,Q304,2,64,602,651,1526
704,Q305,2,349,495,1042,1567
705,Q306,2,904,204,461,1492
706,Q307,2,1001,66,652,1519
707,Q308,2,1082,836,7,1489
708,Q309,2,409,1190,948,1272
709,Q310,2,1058,4,1131,1411
710,Q311,2,29,745,200,1201
711,Q312,2,580,105,923,1341
712,Q313,2,708,367,882,1482
713,Q314,2,218,436,680,1223
714,Q315,2,664,678,286,1575
715,Q316,2,717,61,596,1476
716,Q317,2,1014,530,76,1415
717,Q318,2,715,998,1129,1576
718,Q319,2,1161,115,53,1574
719,Q320,2,552,1008,1116,1443
720,Q321,2,539,980,916,1582
721,Q322,2,830,338,1147,1595
722,Q323,2,1054,439,1148,1317
723,Q324,2,1095,386,494,1250
724,Q325,2,184,220,234,1543
725,Q326,2,148,336,894,1434
726,Q327,2,825,826,755,1333
727,Q328,2,648,107,711,1500
728,Q329,2,665,728,768,1447
729,Q330,2,13,65,1120,1245
730,Q331,2,1046,78,966,1390
731,Q332,2,186,468,645,1441
732,Q333,2,929,400,949,1261
733,Q334,2,817,203,823,1289
734,Q335,2,725,522,797,1518
735,Q336,2,740,883,70,1211
736,Q337,2,183,758,901,1496
737,Q338,2,788,542,185,1536
738,Q339,2,225,426,681,1406
739,Q340,2,312,1040,575,1426
740,Q341,2,885,541,20,1339
741,Q342,2,936,1048,205,1527
742,Q343,2,1013,369,357,1302
743,Q344,2,845,666,26,1457
744,Q345,2,846,150,1015,1541
745,Q346,2,800,721,1069,1471
746,Q347,2,19,865,747,1560
747,Q348,2,79,772,589,1392
748,Q349,2,946,154,1192,1353
749,Q350,2,531,217,1109,1548
750,Q351,2,291,712,954,1487
751,Q352,2,470,673,134,1368
752,Q353,2,833,978,682,1299
753,Q354,2,42,579,71,1416
754,Q355,2,5,208,1018,1387
755,Q356,2,265,1132,507,1436
756,Q357,2,219,795,1,1413
757,Q358,2,705,558,1071,1542
758,Q359,2,1045,973,24,1235
759,Q360,2,821,995,17,1213
760,Q361,2,984,483,627,1569
761,Q362,2,694,384,52,1370
762,Q363,2,221,813,553,1316
763,Q364,2,1111,691,466,1358
764,Q365,2,527,67,460,1391
765,Q366,2,465,381,714,1572
766,Q367,2,562,11,803,1328
767,Q368,2,679,1076,339,1455
768,Q369,2,557,167,840,1530
769,Q370,2,794,238,395,1326
770,Q371,2,280,144,1107,1586
771,Q372,2,587,965,1133,1389
772,Q373,2,913,516,771,1264
773,Q374,2,741,1174,1128,1448
774,Q375,2,861,48,683,1266
775,Q376,2,310,162,75,1382
776,Q377,2,581,390,97,1523
777,Q378,2,324,190,423,1212
778,Q379,2,199,440,707,1529
779,Q380,2,82,411,993,1325
780,Q381,2,93,597,244,1424
781,Q382,2,718,698,74,1335
782,Q383,2,591,1009,613,1571
783,Q384,2,98,260,1118,1277
784,Q385,2,983,677,1104,1562
785,Q386,2,632,972,903,1428
786,Q387,2,414,793,1034,1301
787,Q388,2,8,567,988,1388
788,Q389,2,887,585,438,1483
789,Q390,2,630,791,860,1294
790,Q391,2,104,528,624,1221
791,Q392,2,474,754,12,1300
792,Q393,2,661,1199,459,1400
793,Q394,2,504,990,684,1331
794,Q395,2,405,456,471,1244
795,Q396,2,816,753,576,1357
796,Q397,2,63,443,1064,1330
797,Q398,2,295,743,945,1267
798,Q399,2,273,835,952,1429
799,Q400,2,364,736,1000,1558
800,Q1,3,646,341,1114,1227
801,Q2,3,660,313,444,1599
802,Q3,3,572,629,106,1239
803,Q4,3,722,1030,639,1455
804,Q5,3,277,207,173,1350
805,Q6,3,807,700,1022,1291
806,Q7,3,332,1086,6,1259
807,Q8,3,947,867,178,1420
808,Q9,3,654,222,10,1479
809,Q10,3,118,676,733,1352
810,Q11,3,418,425,96,1421
811,Q12,3,1145,1194,435,1447
812,Q13,3,1072,385,215,1255
813,Q14,3,347,223,696,1457
814,Q15,3,457,599,254,1272
815,Q16,3,251,663,44,1373
816,Q17,3,614,102,1027,1260
817,Q18,3,790,397,363,1435
818,Q19,3,248,565,999,1209
819,Q20,3,509,1141,521,1432
820,Q21,3,489,888,592,1250
821,Q22,3,559,739,14,1361
822,Q23,3,1025,50,761,1201
823,Q24,3,1189,216,343,1245
824,Q25,3,689,750,1180,1302
825,Q26,3,626,1121,9,1493
826,Q27,3,595,297,785,1278
827,Q28,3,197,246,1173,1313
828,Q29,3,876,497,282,1541
829,Q30,3,1083,123,25,1399
830,Q31,3,1063,1070,961,1553
831,Q32,3,720,787,226,1434
832,Q33,3,189,518,16,1478
833,Q34,3,454,90,359,1203
834,Q35,3,570,113,1117,1305
835,Q36,3,72,533,1175,1448
836,Q37,3,498,953,636,1542
837,Q38,3,554,209,600,1336
838,Q39,3,955,458,735,1281
839,Q40,3,608,897,398,1205
840,Q41,3,161,1066,308,1290
841,Q42,3,615,382,175,1522
842,Q43,3,1023,305,1105,1500
843,Q44,3,51,492,326,1598
844,Q45,3,404,918,1184,1508
845,Q46,3,477,675,1051,1364
846,Q47,3,611,555,28,1235
847,Q48,3,709,935,139,1540
848,Q49,3,767,35,1080,1591
849,Q50,3,774,506,138,1231
850,Q51,3,777,802,987,1436
851,Q52,3,685,356,607,1596
852,Q53,3,1059,620,902,1246
853,Q54,3,54,1182,227,1506
854,Q55,3,379,843,415,1576
855,Q56,3,944,544,194,1269
856,Q57,3,906,1074,970,1240
857,Q58,3,114,981,122,1529
858,Q59,3,910,267,1146,1431
859,Q60,3,179,834,1142,1375
860,Q61,3,32,171,515,1583
861,Q62,3,1010,1020,526,1464
862,Q63,3,1061,1002,434,1395
863,Q64,3,1149,564,1096,1561
864,Q65,3,958,857,121,1300
865,Q66,3,502,86,924,1242
866,Q67,3,1197,202,963,1466
867,Q68,3,213,877,47,1282
868,Q69,3,1185,997,210,1384
869,Q70,3,198,212,1004,1400
870,Q71,3,479,361,103,1287
871,Q72,3,283,852,294,1318
872,Q73,3,1101,250,866,1325
873,Q74,3,232,505,315,1402
874,Q75,3,149,898,932,1355
875,Q76,3,749,334,30,1213
876,Q77,3,1085,588,433,1202
877,Q78,3,926,151,688,1544
878,Q79,3,192,517,1011,1487
879,Q80,3,547,1075,892,1226
880,Q81,3,399,353,437,1317
881,Q82,3,583,672,667,1274
882,Q83,3,322,854,1156,1465
883,Q84,3,448,548,242,1368
884,Q85,3,391,786,451,1555
885,Q86,3,290,1100,1198,1469
886,Q87,3,169,951,856,1524
887,Q88,3,775,331,523,1470
888,Q89,3,1029,40,340,1570
889,Q90,3,446,163,429,1387
890,Q91,3,884,380,281,1319
891,Q92,3,488,394,812,1419
892,Q93,3,657,247,475,1453
893,Q94,3,716,1135,1143,1320
894,Q95,3,469,145,858,1584
895,Q96,3,869,406,824,1238
896,Q97,3,919,568,606,1334
897,Q98,3,837,0,940,1594
898,Q99,3,323,416,832,1283
899,Q100,3,1012,81,1090,1446
900,Q101,3,236,875,699,1460
901,Q102,3,412,704,480,1418
902,Q103,3,99,912,201,1517
903,Q104,3,842,485,1062,1362
904,Q105,3,191,635,769,1252
905,Q106,3,508,985,158,1564
906,Q107,3,643,153,231,1381
907,Q108,3,188,850,1168,1253
908,Q109,3,462,1087,233,1575
909,Q110,3,668,925,259,1505
910,Q111,3,610,612,450,1273
911,Q112,3,160,344,829,1268
912,Q113,3,914,431,617,1223
913,Q114,3,258,986,1181,1348
914,Q115,3,752,180,230,1428
915,Q116,3,500,320,1150,1559
916,Q117,3,942,271,172,1474
917,Q118,3,781,89,1049,1356
918,Q119,3,453,889,491,1429
919,Q120,3,131,239,496,1394
920,Q121,3,996,979,1032,1543
921,Q122,3,1081,256,989,1327
922,Q123,3,556,818,478,1413
923,Q124,3,690,128,847,1256
924,Q125,3,1092,325,809,1315
925,Q126,3,1047,129,512,1468
926,Q127,3,422,365,670,1215
927,Q128,3,432,116,272,1539
928,Q129,3,1099,137,764,1409
929,Q130,3,1127,1125,844,1296
930,Q131,3,937,1039,46,1443
931,Q132,3,549,351,298,1514
932,Q133,3,907,355,695,1369
933,Q134,3,1167,1123,796,1277
934,Q135,3,930,642,598,1378
935,Q136,3,1108,859,156,1439
936,Q137,3,1055,779,933,1461
937,Q138,3,316,34,377,1339
938,Q139,3,849,109,921,1365
939,Q140,3,306,870,815,1310
940,Q141,3,618,1186,370,1481
941,Q142,3,1060,407,224,1546
942,Q143,3,288,455,1154,1284
943,Q144,3,166,243,168,1519
944,Q145,3,378,710,1134,1351
945,Q146,3,152,864,1155,1338
946,Q147,3,133,253,839,1311
947,Q148,3,177,410,241,1321
948,Q149,3,873,62,170,1309
949,Q150,3,1003,1183,300,1445
950,Q151,3,1195,922,57,1280
951,Q152,3,442,1136,535,1323
952,Q153,3,136,1050,956,1233
953,Q154,3,292,174,563,1254
954,Q155,3,1144,792,868,1476
955,Q156,3,686,1026,296,1423
956,Q157,3,713,146,1164,1411
957,Q158,3,890,285,467,1357
958,Q159,3,375,503,1079,1299
959,Q160,3,108,1098,982,1346
960,Q161,3,348,650,55,1580
961,Q162,3,590,389,473,1523
962,Q163,3,896,789,252,1521
963,Q164,3,187,738,1103,1298
964,Q165,3,92,350,43,1562
965,Q166,3,692,255,880,1386
966,Q167,3,101,841,513,1385
967,Q168,3,132,878,229,1415
968,Q169,3,891,372,960,1498
969,Q170,3,94,1021,991,1331
970,Q171,3,524,934,1130,1392
971,Q172,3,605,59,1178,1497
972,Q173,3,886,147,757,1251
973,Q174,3,345,1068,1052,1380
974,Q175,3,374,964,293,1467
975,Q176,3,376,594,270,1556
976,Q177,3,881,287,1179,1513
977,Q178,3,373,1035,125,1495
978,Q179,3,319,328,278,1532
979,Q180,3,140,311,15,1312
980,Q181,3,560,408,805,1484
981,Q182,3,69,625,1122,1382
982,Q183,3,765,335,1170,1471
983,Q184,3,799,1139,401,1330
984,Q185,3,383,658,1126,1404
985,Q186,3,731,810,1017,1225
986,Q187,3,911,943,135,1588
987,Q188,3,697,85,895,1358
988,Q189,3,181,1191,1016,1406
989,Q190,3,1053,240,1057,1549
990,Q191,3,649,111,275,1204
991,Q192,3,662,1038,550,1511
992,Q193,3,968,959,1036,1444
993,Q194,3,1188,420,1177,1482
994,Q195,3,908,165,1171,1578
995,Q196,3,36,3,1169,1566
996,Q197,3,510,899,730,1518
997,Q198,3,734,874,623,1503
998,Q199,3,1137,574,1078,1585
999,Q200,3,546,371,1067,1557
1000,Q201,3,1001,211,1158,1342
1001,Q202,3,558,622,219,1545
1002,Q203,3,225,484,569,1573
1003,Q204,3,1094,682,336,1206
1004,Q205,3,1077,119,1128,1507
1005,Q206,3,4,126,992,1437
1006,Q207,3,424,1172,827,1337
1007,Q208,3,1088,664,674,1353
1008,Q209,3,571,349,157,1577
1009,Q210,3,490,945,948,1589
1010,Q211,3,669,640,301,1377
1011,Q212,3,529,579,436,1249
1012,Q213,3,732,587,338,1489
1013,Q214,3,703,164,346,1288
1014,Q215,3,5,928,1033,1425
1015,Q216,3,712,701,134,1417
1016,Q217,3,708,795,88,1510
1017,Q218,3,395,745,184,1410
1018,Q219,3,463,836,1095,1293
1019,Q220,3,91,751,235,1451
1020,Q221,3,723,190,803,1509
1021,Q222,3,75,1058,532,1217
1022,Q223,3,1019,540,747,1593
1023,Q224,3,74,1116,1041,1442
1024,Q225,3,73,66,679,1504
1025,Q226,3,95,806,819,1424
1026,Q227,3,64,887,883,1304
1027,Q228,3,405,52,31,1328
1028,Q229,3,604,237,957,1343
1029,Q230,3,706,330,249,1307
1030,Q231,3,1044,516,743,1359
1031,Q232,3,1132,721,360,1456
1032,Q233,3,903,8,417,1229
1033,Q234,3,1028,780,1097,1340
1034,Q235,3,244,427,470,1516
1035,Q236,3,718,1157,65,1531
1036,Q237,3,265,793,971,1480
1037,Q238,3,504,826,974,1248
1038,Q239,3,855,1000,698,1208
1039,Q240,3,495,1082,800,1587
1040,Q241,3,581,37,1034,1393
1041,Q242,3,1111,596,460,1333
1042,Q243,3,400,631,1006,1554
1043,Q244,3,584,321,456,1452
1044,Q245,3,665,602,199,1433
1045,Q246,3,333,983,633,1473
1046,Q247,3,754,476,863,1403
1047,Q248,3,499,1166,762,1344
1048,Q249,3,641,358,430,1207
1049,Q250,3,402,820,214,1289
1050,Q251,3,830,693,1129,1390
1051,Q252,3,916,630,894,1276
1052,Q253,3,154,221,861,1477
1053,Q254,3,354,1089,339,1512
1054,Q255,3,638,652,1138,1568
1055,Q256,3,990,965,487,1422
1056,Q257,3,1152,381,862,1548
1057,Q258,3,299,482,1124,1234
1058,Q259,3,851,130,443,1379
1059,Q260,3,993,276,980,1329
1060,Q261,3,885,286,931,1383
1061,Q262,3,238,1005,23,1595
1062,Q263,3,421,846,794,1391
1063,Q264,3,284,677,562,1486
1064,Q265,3,1015,831,833,1316
1065,Q266,3,1037,143,838,1597
1066,Q267,3,295,725,472,1262
1067,Q268,3,1159,954,366,1581
1068,Q269,3,12,1104,1056,1221
1069,Q270,3,384,661,724,1408
1070,Q271,3,144,742,39,1563
1071,Q272,3,613,651,459,1257
1072,Q273,3,778,648,329,1388
1073,Q274,3,218,766,1013,1301
1074,Q275,3,823,1118,449,1341
1075,Q276,3,1147,828,1045,1295
1076,Q277,3,280,419,1115,1492
1077,Q278,3,628,466,19,1569
1078,Q279,3,984,303,1043,1258
1079,Q280,3,995,1069,468,1579
1080,Q281,3,680,905,1151,1266
1081,Q282,3,715,705,728,1335
1082,Q283,3,1193,357,711,1483
1083,Q284,3,17,1160,1091,1306
1084,Q285,3,637,655,527,1345
1085,Q286,3,439,577,929,1414
1086,Q287,3,998,1031,994,1397
1087,Q288,3,269,217,205,1571
1088,Q289,3,362,257,452,1270
1089,Q290,3,220,736,871,1567
1090,Q291,3,776,18,798,1347
1091,Q292,3,67,671,465,1212
1092,Q293,3,528,975,1071,1520
1093,Q294,3,186,1148,609,1496
1094,Q295,3,83,860,773,1363
1095,Q296,3,673,575,759,1499
1096,Q297,3,80,70,1048,1294
1097,Q298,3,82,691,38,1560
1098,Q299,3,93,1008,893,1536
1099,Q300,3,603,936,1014,1370
1100,Q301,3,822,261,182,1450
1101,Q302,3,58,1084,666,1261
1102,Q303,3,531,78,707,1303
1103,Q304,3,307,791,814,1438
1104,Q305,3,853,771,107,1263
1105,Q306,3,176,481,327,1211
1106,Q307,3,717,678,737,1416
1107,Q308,3,582,77,653,1501
1108,Q309,3,53,719,597,1265
1109,Q310,3,314,537,426,1530
1110,Q311,3,84,977,11,1216
1111,Q312,3,645,1153,24,1407
1112,Q313,3,312,825,882,1349
1113,Q314,3,567,1102,1174,1219
1114,Q315,3,784,1042,22,1326
1115,Q316,3,1024,659,2,1297
1116,Q317,3,1065,536,317,1592
1117,Q318,3,364,447,1113,1232
1118,Q319,3,634,13,684,1275
1119,Q320,3,543,804,42,1230
1120,Q321,3,927,813,41,1574
1121,Q322,3,511,939,1163,1396
1122,Q323,3,483,576,616,1586
1123,Q324,3,414,1007,367,1405
1124,Q325,3,493,403,245,1332
1125,Q326,3,904,772,494,1494
1126,Q327,3,726,683,1064,1210
1127,Q328,3,950,428,586,1354
1128,Q329,3,155,264,840,1366
1129,Q330,3,159,760,26,1398
1130,Q331,3,1018,302,291,1472
1131,Q332,3,740,811,441,1200
1132,Q333,3,753,835,938,1590
1133,Q334,3,263,1120,390,1537
1134,Q335,3,519,972,87,1552
1135,Q336,3,310,120,1076,1463
1136,Q337,3,274,941,1073,1558
1137,Q338,3,507,770,946,1401
1138,Q339,3,411,413,593,1440
1139,Q340,3,183,501,1165,1222
1140,Q341,3,917,1131,127,1243
1141,Q342,3,474,755,1110,1367
1142,Q343,3,585,681,542,1551
1143,Q344,3,49,260,63,1237
1144,Q345,3,110,901,228,1426
1145,Q346,3,909,1093,309,1488
1146,Q347,3,318,687,920,1374
1147,Q348,3,234,694,541,1371
1148,Q349,3,162,915,423,1430
1149,Q350,3,1199,61,1109,1441
1150,Q351,3,545,117,200,1533
1151,Q352,3,566,342,71,1264
1152,Q353,3,816,204,872,1525
1153,Q354,3,714,797,369,1236
1154,Q355,3,464,601,589,1271
1155,Q356,3,206,196,1009,1292
1156,Q357,3,591,578,845,1267
1157,Q358,3,647,969,150,1458
1158,Q359,3,744,534,976,1224
1159,Q360,3,262,461,79,1314
1160,Q361,3,1187,656,530,1582
1161,Q362,3,746,808,486,1550
1162,Q363,3,20,148,279,1372
1163,Q364,3,445,208,557,1572
1164,Q365,3,741,821,387,1528
1165,Q366,3,551,1046,21,1214
1166,Q367,3,520,1107,76,1285
1167,Q368,3,1176,195,644,1279
1168,Q369,3,7,952,1040,1412
1169,Q370,3,273,33,438,1427
1170,Q371,3,112,304,100,1485
1171,Q372,3,552,29,1192,1534
1172,Q373,3,141,45,727,1324
1173,Q374,3,962,142,619,1218
1174,Q375,3,115,97,923,1220
1175,Q376,3,525,1196,1140,1308
1176,Q377,3,60,471,124,1490
1177,Q378,3,539,913,756,1376
1178,Q379,3,104,729,978,1535
1179,Q380,3,388,783,337,1475
1180,Q381,3,573,865,68,1286
1181,Q382,3,368,632,848,1228
1182,Q383,3,324,624,768,1502
1183,Q384,3,748,392,1119,1491
1184,Q385,3,1162,1106,553,1244
1185,Q386,3,48,1054,1112,1449
1186,Q387,3,514,879,522,1389
1187,Q388,3,949,758,167,1515
1188,Q389,3,440,185,98,1547
1189,Q390,3,702,1161,203,1459
1190,Q391,3,900,352,580,1322
1191,Q392,3,966,266,27,1538
1192,Q393,3,627,1190,967,1527
1193,Q394,3,193,561,268,1360
1194,Q395,3,817,409,105,1454
1195,Q396,3,782,396,988,1526
1196,Q397,3,1,621,56,1565
1197,Q398,3,393,788,538,1247
1198,Q399,3,386,1133,763,1462
1199,Q400,3,801,973,289,1241
1200,Q1,4,1188,970,733,1421
1201,Q2,4,1149,102,716,1496
1202,Q3,4,769,491,1027,1501
1203,Q4,4,315,942,512,1311
1204,Q5,4,922,418,947,1202
1205,Q6,4,1134,165,1108,1364
1206,Q7,4,175,515,1114,1298
1207,Q8,4,563,636,510,1437
1208,Q9,4,697,454,891,1271
1209,Q10,4,873,431,968,1353
1210,Q11,4,375,1139,612,1468
1211,Q12,4,943,799,305,1265
1212,Q13,4,1010,1135,282,1368
1213,Q14,4,810,935,1177,1366
1214,Q15,4,1026,432,958,1450
1215,Q16,4,1103,401,1085,1373
1216,Q17,4,874,139,1101,1569
1217,Q18,4,1023,377,370,1416
1218,Q19,4,47,227,829,1580
1219,Q20,4,940,843,170,1509
1220,Q21,4,420,1016,410,1309
1221,Q22,4,1184,961,288,1563
1222,Q23,4,505,51,135,1488
1223,Q24,4,350,911,663,1351
1224,Q25,4,1063,332,394,1241
1225,Q26,4,1035,1074,1168,1560
1226,Q27,4,688,434,57,1242
1227,Q28,4,72,345,69,1213
1228,Q29,4,786,837,639,1511
1229,Q30,4,229,1066,549,1419
1230,Q31,4,670,267,242,1528
1231,Q32,4,455,735,128,1379
1232,Q33,4,731,544,1150,1293
1233,Q34,4,607,14,109,1401
1234,Q35,4,1003,839,425,1552
1235,Q36,4,675,444,469,1352
1236,Q37,4,568,1179,34,1584
1237,Q38,4,365,192,1081,1561
1238,Q39,4,710,457,524,1587
1239,Q40,4,925,371,125,1531
1240,Q41,4,1049,44,914,1278
1241,Q42,4,642,898,877,1471
1242,Q43,4,859,1171,215,1360
1243,Q44,4,232,902,1075,1291
1244,Q45,4,610,506,131,1280
1245,Q46,4,181,932,899,1567
1246,Q47,4,94,202,1136,1210
1247,Q48,4,1055,611,492,1464
1248,Q49,4,849,878,313,1211
1249,Q50,4,207,875,389,1299
1250,Q51,4,383,277,458,1446
1251,Q52,4,963,59,844,1409
1252,Q53,4,224,258,30,1365
1253,Q54,4,197,696,857,1341
1254,Q55,4,158,1039,981,1537
1255,Q56,4,654,750,213,1505
1256,Q57,4,198,959,722,1533
1257,Q58,4,620,720,1195,1313
1258,Q59,4,36,489,606,1300
1259,Q60,4,153,921,99,1538
1260,Q61,4,1025,406,341,1572
1261,Q62,4,209,275,55,1553
1262,Q63,4,1022,599,81,1424
1263,Q64,4,251,834,1052,1358
1264,Q65,4,145,1197,146,1420
1265,Q66,4,572,1083,785,1463
1266,Q67,4,270,46,281,1380
1267,Q68,4,40,896,212,1577
1268,Q69,4,1156,668,1126,1455
1269,Q70,4,933,944,353,1434
1270,Q71,4,757,433,989,1367
1271,Q72,4,331,847,292,1312
1272,Q73,4,334,692,1036,1348
1273,Q74,4,253,546,907,1251
1274,Q75,4,180,690,868,1327
1275,Q76,4,187,856,246,1270
1276,Q77,4,239,297,1062,1491
1277,Q78,4,781,442,574,1317
1278,Q79,4,306,255,35,1417
1279,Q80,4,583,1087,979,1297
1280,Q81,4,133,685,924,1286
1281,Q82,4,764,960,240,1248
1282,Q83,4,548,138,805,1385
1283,Q84,4,1122,106,382,1322
1284,Q85,4,1079,113,1143,1393
1285,Q86,4,1185,869,600,1474
1286,Q87,4,347,906,278,1547
1287,Q88,4,169,416,191,1428
1288,Q89,4,672,344,985,1329
1289,Q90,4,982,376,1057,1443
1290,Q91,4,858,509,488,1392
1291,Q92,4,497,178,598,1586
1292,Q93,4,25,172,1002,1273
1293,Q94,4,964,300,1011,1304
1294,Q95,4,888,730,111,1208
1295,Q96,4,108,216,1141,1473
1296,Q97,4,908,1123,890,1536
1297,Q98,4,168,294,1121,1543
1298,Q99,4,912,62,818,1418
1299,Q100,4,934,704,615,1402
1300,Q101,4,252,3,807,1325
1301,Q102,4,508,689,1059,1486
1302,Q103,4,614,867,1067,1232
1303,Q104,4,918,761,230,1234
1304,Q105,4,635,467,122,1243
1305,Q106,4,379,233,123,1499
1306,Q107,4,259,15,359,1477
1307,Q108,4,50,121,1004,1337
1308,Q109,4,564,700,996,1506
1309,Q110,4,271,473,351,1539
1310,Q111,4,503,802,201,1377
1311,Q112,4,526,179,1086,1240
1312,Q113,4,1032,991,355,1282
1313,Q114,4,919,1137,287,1479
1314,Q115,4,1189,429,1080,1256
1315,Q116,4,363,812,397,1456
1316,Q117,4,1053,322,236,1223
1317,Q118,4,594,210,866,1435
1318,Q119,4,408,897,521,1249
1319,Q120,4,926,174,173,1549
1320,Q121,4,1068,1130,89,1495
1321,Q122,4,657,930,790,1212
1322,Q123,4,738,876,319,1207
1323,Q124,4,626,412,987,1369
1324,Q125,4,752,320,477,1532
1325,Q126,4,231,480,498,1310
1326,Q127,4,787,450,1173,1399
1327,Q128,4,852,625,699,1359
1328,Q129,4,518,161,500,1236
1329,Q130,4,374,1145,1194,1287
1330,Q131,4,86,910,824,1257
1331,Q132,4,92,649,588,1292
1332,Q133,4,308,1050,446,1466
1333,Q134,4,850,1175,479,1558
1334,Q135,4,517,118,16,1449
1335,Q136,4,462,103,560,1289
1336,Q137,4,523,1178,1092,1522
1337,Q138,4,535,323,1078,1221
1338,Q139,4,243,1127,565,1321
1339,Q140,4,1038,1146,325,1378
1340,Q141,4,815,1198,101,1374
1341,Q142,4,385,256,254,1440
1342,Q143,4,662,1072,550,1269
1343,Q144,4,1047,136,1182,1459
1344,Q145,4,1105,547,129,1425
1345,Q146,4,453,399,555,1534
1346,Q147,4,1021,686,140,1503
1347,Q148,4,1186,1070,451,1296
1348,Q149,4,448,892,608,1250
1349,Q150,4,1099,356,1181,1478
1350,Q151,4,163,1096,1167,1314
1351,Q152,4,796,283,775,1350
1352,Q153,4,1017,391,953,1276
1353,Q154,4,986,132,290,1526
1354,Q155,4,43,296,116,1557
1355,Q156,4,779,767,884,1315
1356,Q157,4,407,792,293,1264
1357,Q158,4,10,739,326,1266
1358,Q159,4,789,1029,997,1583
1359,Q160,4,166,1090,171,1386
1360,Q161,4,734,895,422,1516
1361,Q162,4,513,1061,774,1596
1362,Q163,4,316,380,1012,1472
1363,Q164,4,151,618,475,1415
1364,Q165,4,373,777,194,1514
1365,Q166,4,955,809,695,1568
1366,Q167,4,870,646,311,1566
1367,Q168,4,496,650,1051,1562
1368,Q169,4,1154,937,222,1484
1369,Q170,4,189,435,114,1334
1370,Q171,4,248,1164,340,1231
1371,Q172,4,765,96,999,1515
1372,Q173,4,28,485,90,1414
1373,Q174,4,250,667,1191,1246
1374,Q175,4,660,1180,335,1285
1375,Q176,4,570,328,152,1520
1376,Q177,4,160,6,658,1554
1377,Q178,4,1169,398,605,1564
1378,Q179,4,437,348,285,1244
1379,Q180,4,713,9,298,1308
1380,Q181,4,1183,378,1125,1451
1381,Q182,4,226,241,749,1551
1382,Q183,4,32,137,1100,1303
1383,Q184,4,643,1020,533,1274
1384,Q185,4,177,404,1060,1281
1385,Q186,4,595,881,832,1410
1386,Q187,4,1117,149,372,1275
1387,Q188,4,951,592,54,1227
1388,Q189,4,709,147,880,1465
1389,Q190,4,886,156,1098,1370
1390,Q191,4,0,1170,223,1345
1391,Q192,4,502,478,864,1497
1392,Q193,4,623,676,889,1447
1393,Q194,4,617,559,343,1581
1394,Q195,4,1030,1142,247,1323
1395,Q196,4,854,415,1155,1535
1396,Q197,4,554,629,841,1356
1397,Q198,4,842,590,188,1427
1398,Q199,4,956,361,556,1431
1399,Q200,4,85,272,1144,1355
1400,Q201,4,794,811,1058,1306
1401,Q202,4,333,770,887,1467
1402,Q203,4,771,527,708,1384
1403,Q204,4,511,1054,22,1541
1404,Q205,4,1031,569,452,1389
1405,Q206,4,482,655,744,1490
1406,Q207,4,732,186,430,1381
1407,Q208,4,613,561,1158,1462
1408,Q209,4,273,358,601,1226
1409,Q210,4,413,112,193,1475
1410,Q211,4,938,1115,426,1239
1411,Q212,4,753,1163,217,1267
1412,Q213,4,553,628,337,1324
1413,Q214,4,268,2,862,1413
1414,Q215,4,117,545,1093,1599
1415,Q216,4,542,567,428,1339
1416,Q217,4,23,91,976,1272
1417,Q218,4,220,1097,471,1336
1418,Q219,4,1019,645,262,1335
1419,Q220,4,984,463,362,1544
1420,Q221,4,438,130,871,1255
1421,Q222,4,1088,1124,609,1237
1422,Q223,4,4,745,185,1592
1423,Q224,4,63,603,402,1582
1424,Q225,4,1071,304,37,1284
1425,Q226,4,1132,307,141,1430
1426,Q227,4,1111,995,80,1442
1427,Q228,4,466,289,747,1277
1428,Q229,4,536,994,60,1525
1429,Q230,4,5,127,284,1344
1430,Q231,4,265,619,338,1215
1431,Q232,4,909,803,417,1301
1432,Q233,4,419,18,748,1439
1433,Q234,4,460,624,176,1448
1434,Q235,4,1176,38,576,1354
1435,Q236,4,656,659,707,1500
1436,Q237,4,447,1006,1046,1408
1437,Q238,4,120,1187,647,1228
1438,Q239,4,684,826,916,1218
1439,Q240,4,800,1014,836,1502
1440,Q241,4,219,516,1040,1398
1441,Q242,4,386,740,84,1556
1442,Q243,4,1152,552,321,1333
1443,Q244,4,310,411,992,1245
1444,Q245,4,237,712,403,1590
1445,Q246,4,205,352,920,1203
1446,Q247,4,593,540,368,1233
1447,Q248,4,346,674,436,1523
1448,Q249,4,1102,705,357,1405
1449,Q250,4,468,726,1009,1259
1450,Q251,4,1073,1131,225,1404
1451,Q252,4,79,950,1005,1219
1452,Q253,4,384,309,983,1204
1453,Q254,4,93,596,263,1283
1454,Q255,4,633,1042,13,1397
1455,Q256,4,1107,445,806,1429
1456,Q257,4,276,882,783,1508
1457,Q258,4,830,954,798,1254
1458,Q259,4,1133,835,901,1576
1459,Q260,4,948,530,584,1268
1460,Q261,4,746,314,1024,1302
1461,Q262,4,157,808,390,1247
1462,Q263,4,443,339,566,1441
1463,Q264,4,1128,144,768,1559
1464,Q265,4,400,423,988,1400
1465,Q266,4,679,879,939,1371
1466,Q267,4,484,142,637,1507
1467,Q268,4,504,56,797,1460
1468,Q269,4,162,814,115,1363
1469,Q270,4,855,778,264,1375
1470,Q271,4,678,61,49,1578
1471,Q272,4,683,622,8,1574
1472,Q273,4,470,821,706,1498
1473,Q274,4,923,83,965,1372
1474,Q275,4,1044,1007,218,1230
1475,Q276,4,1034,519,885,1585
1476,Q277,4,1119,476,66,1588
1477,Q278,4,929,694,737,1349
1478,Q279,4,183,1091,581,1320
1479,Q280,4,1172,863,763,1411
1480,Q281,4,167,597,1065,1382
1481,Q282,4,257,73,87,1571
1482,Q283,4,872,630,100,1555
1483,Q284,4,104,719,1162,1510
1484,Q285,4,701,1104,795,1573
1485,Q286,4,184,632,1112,1461
1486,Q287,4,691,409,200,1438
1487,Q288,4,360,74,17,1319
1488,Q289,4,1084,831,579,1550
1489,Q290,4,687,677,449,1305
1490,Q291,4,714,97,957,1452
1491,Q292,4,1196,893,711,1347
1492,Q293,4,718,392,472,1492
1493,Q294,4,159,1000,665,1224
1494,Q295,4,68,501,525,1575
1495,Q296,4,1,1069,604,1326
1496,Q297,4,53,1033,817,1390
1497,Q298,4,483,725,573,1432
1498,Q299,4,820,1001,833,1483
1499,Q300,4,214,329,490,1220
1500,Q301,4,990,754,208,1258
1501,Q302,4,164,641,393,1521
1502,Q303,4,562,532,780,1209
1503,Q304,4,993,823,1160,1598
1504,Q305,4,78,7,440,1517
1505,Q306,4,793,585,682,1394
1506,Q307,4,664,903,1045,1200
1507,Q308,4,941,1110,998,1454
1508,Q309,4,551,1148,234,1387
1509,Q310,4,698,303,1008,1565
1510,Q311,4,148,702,424,1545
1511,Q312,4,949,762,514,1395
1512,Q313,4,634,65,286,1288
1513,Q314,4,261,791,648,1307
1514,Q315,4,827,977,499,1407
1515,Q316,4,1041,531,931,1383
1516,Q317,4,1161,825,414,1328
1517,Q318,4,860,589,155,1342
1518,Q319,4,266,652,427,1593
1519,Q320,4,680,1192,543,1589
1520,Q321,4,848,727,126,1433
1521,Q322,4,627,45,773,1542
1522,Q323,4,39,274,52,1396
1523,Q324,4,644,529,928,1469
1524,Q325,4,952,580,838,1579
1525,Q326,4,582,853,971,1444
1526,Q327,4,974,651,21,1316
1527,Q328,4,42,279,1157,1494
1528,Q329,4,681,1076,1166,1388
1529,Q330,4,249,1018,317,1480
1530,Q331,4,913,327,669,1340
1531,Q332,4,756,481,105,1357
1532,Q333,4,861,82,134,1548
1533,Q334,4,318,828,575,1279
1534,Q335,4,900,387,758,1489
1535,Q336,4,591,64,1116,1214
1536,Q337,4,235,717,742,1597
1537,Q338,4,927,1151,640,1476
1538,Q339,4,816,11,199,1527
1539,Q340,4,495,721,915,1229
1540,Q341,4,917,388,41,1453
1541,Q342,4,1129,154,493,1332
1542,Q343,4,661,772,494,1346
1543,Q344,4,1153,19,381,1262
1544,Q345,4,586,1089,759,1512
1545,Q346,4,946,76,736,1423
1546,Q347,4,975,71,421,1201
1547,Q348,4,369,461,1120,1482
1548,Q349,4,638,539,206,1260
1549,Q350,4,724,1199,486,1529
1550,Q351,4,673,782,577,1546
1551,Q352,4,244,1174,238,1261
1552,Q353,4,883,784,936,1513
1553,Q354,4,1028,12,776,1391
1554,Q355,4,1106,616,299,1518
1555,Q356,4,58,1159,124,1594
1556,Q357,4,27,459,98,1570
1557,Q358,4,203,150,1077,1595
1558,Q359,4,973,1190,801,1330
1559,Q360,4,48,1013,578,1263
1560,Q361,4,865,245,280,1406
1561,Q362,4,905,1048,211,1436
1562,Q363,4,88,755,653,1235
1563,Q364,4,819,366,558,1376
1564,Q365,4,813,291,295,1485
1565,Q366,4,904,354,945,1343
1566,Q367,4,1095,1109,1147,1422
1567,Q368,4,693,980,110,1524
1568,Q369,4,465,766,723,1253
1569,Q370,4,1193,1043,324,1238
1570,Q371,4,349,474,196,1487
1571,Q372,4,534,20,728,1338
1572,Q373,4,1118,522,1138,1225
1573,Q374,4,840,330,760,1318
1574,Q375,4,182,520,602,1295
1575,Q376,4,70,95,269,1591
1576,Q377,4,741,1082,729,1294
1577,Q378,4,464,972,29,1470
1578,Q379,4,190,1056,260,1403
1579,Q380,4,395,788,301,1540
1580,Q381,4,439,396,969,1362
1581,Q382,4,24,336,851,1457
1582,Q383,4,743,31,666,1426
1583,Q384,4,312,631,587,1493
1584,Q385,4,621,67,528,1290
1585,Q386,4,537,571,204,1412
1586,Q387,4,751,804,846,1222
1587,Q388,4,487,228,1037,1361
1588,Q389,4,405,1064,541,1217
1589,Q390,4,119,1015,538,1504
1590,Q391,4,894,1094,364,1205
1591,Q392,4,441,1113,967,1216
1592,Q393,4,845,221,75,1530
1593,Q394,4,1140,107,557,1206
1594,Q395,4,978,1165,342,1458
1595,Q396,4,507,77,33,1252
1596,Q397,4,26,195,703,1519
1597,Q398,4,715,143,822,1481
1598,Q399,4,367,671,302,1331
1599,Q400,4,456,962,966,1445
1600,Q1,5,293,1002,270,1571
1601,Q2,5,1130,177,85,1358
1602,Q3,5,1167,672,492,1450
1603,Q4,5,731,192,668,1387
1604,Q5,5,394,1061,663,1415
1605,Q6,5,1098,889,294,1274
1606,Q7,5,54,953,275,1431
1607,Q8,5,116,1080,94,1524
1608,Q9,5,907,410,1021,1236
1609,Q10,5,1198,382,114,1570
1610,Q11,5,152,911,986,1419
1611,Q12,5,1038,43,908,1373
1612,Q13,5,135,829,462,1508
1613,Q14,5,278,880,408,1203
1614,Q15,5,129,510,479,1223
1615,Q16,5,639,792,363,1467
1616,Q17,5,376,147,118,1289
1617,Q18,5,344,1012,348,1579
1618,Q19,5,9,326,194,1411
1619,Q20,5,469,642,232,1238
1620,Q21,5,1022,40,1171,1541
1621,Q22,5,1055,1027,769,1352
1622,Q23,5,253,999,918,1314
1623,Q24,5,810,319,103,1312
1624,Q25,5,636,896,201,1367
1625,Q26,5,568,397,146,1559
1626,Q27,5,722,979,864,1404
1627,Q28,5,174,617,919,1530
1628,Q29,5,169,230,1177,1536
1629,Q30,5,1035,692,1059,1533
1630,Q31,5,212,373,1085,1514
1631,Q32,5,454,943,930,1282
1632,Q33,5,1092,1051,30,1300
1633,Q34,5,657,1081,229,1493
1634,Q35,5,1010,523,44,1316
1635,Q36,5,90,600,125,1266
1636,Q37,5,340,958,28,1482
1637,Q38,5,489,867,713,1410
1638,Q39,5,570,341,448,1522
1639,Q40,5,133,812,550,1255
1640,Q41,5,305,912,686,1469
1641,Q42,5,108,425,431,1473
1642,Q43,5,588,412,940,1234
1643,Q44,5,720,451,635,1301
1644,Q45,5,1108,1137,749,1405
1645,Q46,5,1114,1020,170,1574
1646,Q47,5,847,477,297,1338
1647,Q48,5,875,132,313,1302
1648,Q49,5,818,350,1003,1385
1649,Q50,5,595,46,1023,1399
1650,Q51,5,667,610,145,1232
1651,Q52,5,457,1039,605,1455
1652,Q53,5,165,1121,1145,1479
1653,Q54,5,453,858,925,1423
1654,Q55,5,227,837,175,1275
1655,Q56,5,1075,420,959,1460
1656,Q57,5,895,198,1099,1472
1657,Q58,5,1067,1189,1105,1220
1658,Q59,5,480,1004,512,1440
1659,Q60,5,283,1141,869,1222
1660,Q61,5,156,548,834,1325
1661,Q62,5,921,688,259,1561
1662,Q63,5,497,937,852,1247
1663,Q64,5,839,1074,1170,1576
1664,Q65,5,250,247,353,1355
1665,Q66,5,434,606,1062,1375
1666,Q67,5,34,629,1194,1537
1667,Q68,5,716,32,1168,1344
1668,Q69,5,891,308,401,1335
1669,Q70,5,239,997,51,1564
1670,Q71,5,351,251,555,1458
1671,Q72,5,565,1182,786,1592
1672,Q73,5,101,690,1032,1361
1673,Q74,5,1060,544,1126,1395
1674,Q75,5,498,1183,1149,1475
1675,Q76,5,1063,1125,873,1424
1676,Q77,5,210,592,418,1278
1677,Q78,5,288,1011,964,1254
1678,Q79,5,365,380,1156,1420
1679,Q80,5,111,322,14,1484
1680,Q81,5,347,422,1016,1573
1681,Q82,5,153,433,699,1393
1682,Q83,5,730,796,1173,1527
1683,Q84,5,1036,1052,878,1231
1684,Q85,5,549,700,473,1305
1685,Q86,5,109,856,323,1422
1686,Q87,5,6,47,1188,1228
1687,Q88,5,171,222,934,1437
1688,Q89,5,224,179,248,1510
1689,Q90,5,316,710,72,1448
1690,Q91,5,488,503,902,1334
1691,Q92,5,10,564,1179,1366
1692,Q93,5,876,951,1186,1260
1693,Q94,5,650,181,898,1297
1694,Q95,5,1135,824,868,1371
1695,Q96,5,559,932,1180,1388
1696,Q97,5,563,533,96,1218
1697,Q98,5,62,654,809,1321
1698,Q99,5,140,963,547,1253
1699,Q100,5,292,854,1184,1542
1700,Q101,5,407,151,790,1285
1701,Q102,5,325,81,767,1465
1702,Q103,5,884,1068,216,1261
1703,Q104,5,1050,435,991,1212
1704,Q105,5,515,69,757,1350
1705,Q106,5,1195,618,243,1480
1706,Q107,5,296,764,491,1360
1707,Q108,5,416,315,437,1244
1708,Q109,5,1185,335,508,1538
1709,Q110,5,1122,99,282,1295
1710,Q111,5,173,375,331,1401
1711,Q112,5,57,241,897,1512
1712,Q113,5,209,121,267,1226
1713,Q114,5,987,649,815,1487
1714,Q115,5,521,612,163,1569
1715,Q116,5,1053,1175,989,1451
1716,Q117,5,942,1072,242,1374
1717,Q118,5,478,594,874,1575
1718,Q119,5,1078,982,926,1270
1719,Q120,5,1086,960,1025,1370
1720,Q121,5,355,287,450,1471
1721,Q122,5,933,1136,996,1347
1722,Q123,5,1134,787,345,1418
1723,Q124,5,258,779,332,1214
1724,Q125,5,1164,709,1049,1216
1725,Q126,5,1142,805,180,1412
1726,Q127,5,1178,429,240,1591
1727,Q128,5,843,256,1146,1456
1728,Q129,5,370,1143,1197,1330
1729,Q130,5,1096,675,1090,1271
1730,Q131,5,961,442,906,1379
1731,Q132,5,139,849,300,1267
1732,Q133,5,455,888,86,1568
1733,Q134,5,334,676,406,1293
1734,Q135,5,1066,1127,102,1430
1735,Q136,5,231,608,738,1477
1736,Q137,5,1144,615,781,1549
1737,Q138,5,859,735,502,1509
1738,Q139,5,383,560,739,1531
1739,Q140,5,328,599,775,1409
1740,Q141,5,215,1029,750,1249
1741,Q142,5,590,389,583,1462
1742,Q143,5,546,166,172,1481
1743,Q144,5,1017,252,1155,1590
1744,Q145,5,607,620,197,1237
1745,Q146,5,870,697,277,1543
1746,Q147,5,924,947,1103,1303
1747,Q148,5,128,1047,404,1279
1748,Q149,5,734,509,385,1307
1749,Q150,5,311,391,881,1309
1750,Q151,5,517,35,899,1519
1751,Q152,5,1169,646,660,1565
1752,Q153,5,866,1123,1030,1501
1753,Q154,5,485,446,614,1340
1754,Q155,5,985,415,914,1281
1755,Q156,5,285,765,752,1557
1756,Q157,5,623,689,956,1306
1757,Q158,5,160,271,685,1227
1758,Q159,5,290,842,955,1562
1759,Q160,5,1070,611,320,1383
1760,Q161,5,981,505,106,1417
1761,Q162,5,890,89,178,1364
1762,Q163,5,272,506,246,1476
1763,Q164,5,1026,944,598,1432
1764,Q165,5,892,432,188,1210
1765,Q166,5,1057,113,398,1506
1766,Q167,5,123,137,136,1468
1767,Q168,5,807,359,574,1505
1768,Q169,5,372,761,1154,1425
1769,Q170,5,513,841,281,1230
1770,Q171,5,191,16,374,1545
1771,Q172,5,50,306,15,1380
1772,Q173,5,377,254,777,1470
1773,Q174,5,379,785,1150,1348
1774,Q175,5,832,625,910,1277
1775,Q176,5,535,857,36,1492
1776,Q177,5,168,233,458,1548
1777,Q178,5,361,187,1191,1313
1778,Q179,5,626,1083,189,1202
1779,Q180,5,371,1139,1100,1327
1780,Q181,5,399,704,25,1213
1781,Q182,5,1181,799,886,1209
1782,Q183,5,789,378,223,1341
1783,Q184,5,526,696,138,1464
1784,Q185,5,733,695,802,1284
1785,Q186,5,643,255,922,1556
1786,Q187,5,207,55,670,1368
1787,Q188,5,149,0,524,1555
1788,Q189,5,935,59,343,1319
1789,Q190,5,877,496,662,1560
1790,Q191,5,161,213,1079,1540
1791,Q192,5,226,500,1101,1356
1792,Q193,5,475,554,968,1242
1793,Q194,5,572,298,356,1339
1794,Q195,5,444,774,131,1517
1795,Q196,5,467,850,92,1408
1796,Q197,5,202,1087,1117,1386
1797,Q198,5,658,3,556,1577
1798,Q199,5,122,518,844,1241
1799,Q200,5,970,158,236,1328
1800,Q201,5,235,634,95,1362
1801,Q202,5,576,939,669,1520
1802,Q203,5,134,1133,539,1363
1803,Q204,5,307,962,581,1434
1804,Q205,5,861,931,1043,1447
1805,Q206,5,1064,558,659,1391
1806,Q207,5,1124,915,585,1534
1807,Q208,5,900,755,387,1290
1808,Q209,5,427,93,983,1372
1809,Q210,5,536,633,1151,1205
1810,Q211,5,1147,836,511,1498
1811,Q212,5,284,514,141,1406
1812,Q213,5,624,460,484,1413
1813,Q214,5,1024,65,11,1400
1814,Q215,5,681,244,648,1526
1815,Q216,5,826,800,486,1324
1816,Q217,5,150,1001,289,1485
1817,Q218,5,965,405,447,1331
1818,Q219,5,808,78,357,1597
1819,Q220,5,110,748,938,1365
1820,Q221,5,499,680,346,1304
1821,Q222,5,470,48,1166,1245
1822,Q223,5,936,603,234,1308
1823,Q224,5,715,712,314,1441
1824,Q225,5,483,887,707,1229
1825,Q226,5,1042,438,723,1428
1826,Q227,5,366,819,143,1454
1827,Q228,5,827,130,845,1444
1828,Q229,5,760,637,788,1322
1829,Q230,5,1084,324,980,1397
1830,Q231,5,436,718,426,1215
1831,Q232,5,203,569,582,1525
1832,Q233,5,186,543,551,1349
1833,Q234,5,1174,476,472,1294
1834,Q235,5,905,464,711,1268
1835,Q236,5,537,830,737,1427
1836,Q237,5,948,463,1192,1345
1837,Q238,5,26,988,1110,1523
1838,Q239,5,1158,1044,471,1233
1839,Q240,5,798,995,443,1317
1840,Q241,5,954,593,627,1553
1841,Q242,5,628,1033,806,1250
1842,Q243,5,766,520,261,1369
1843,Q244,5,893,534,879,1208
1844,Q245,5,754,941,117,1276
1845,Q246,5,217,577,199,1466
1846,Q247,5,732,516,1094,1310
1847,Q248,5,501,797,762,1206
1848,Q249,5,1089,63,542,1315
1849,Q250,5,728,367,580,1269
1850,Q251,5,825,771,920,1442
1851,Q252,5,24,553,2,1390
1852,Q253,5,481,683,773,1504
1853,Q254,5,1104,1018,384,1426
1854,Q255,5,671,552,82,1494
1855,Q256,5,1077,279,88,1572
1856,Q257,5,58,142,820,1588
1857,Q258,5,1172,978,753,1252
1858,Q259,5,811,27,495,1235
1859,Q260,5,91,744,604,1258
1860,Q261,5,677,823,871,1599
1861,Q262,5,545,60,756,1323
1862,Q263,5,260,302,29,1596
1863,Q264,5,1193,465,301,1563
1864,Q265,5,994,1071,228,1392
1865,Q266,5,7,1045,1006,1547
1866,Q267,5,976,417,644,1389
1867,Q268,5,52,973,452,1515
1868,Q269,5,466,1119,220,1381
1869,Q270,5,430,851,1196,1578
1870,Q271,5,751,1159,280,1396
1871,Q272,5,66,112,957,1443
1872,Q273,5,967,262,1140,1286
1873,Q274,5,1073,969,631,1511
1874,Q275,5,693,264,778,1414
1875,Q276,5,701,104,98,1329
1876,Q277,5,124,573,561,1311
1877,Q278,5,1165,883,1132,1552
1878,Q279,5,821,645,439,1243
1879,Q280,5,742,706,743,1336
1880,Q281,5,1046,126,885,1532
1881,Q282,5,1088,61,717,1595
1882,Q283,5,80,759,507,1496
1883,Q284,5,182,783,923,1394
1884,Q285,5,185,1157,640,1507
1885,Q286,5,400,176,77,1217
1886,Q287,5,395,369,1009,1291
1887,Q288,5,504,705,729,1453
1888,Q289,5,1008,736,530,1403
1889,Q290,5,803,318,714,1535
1890,Q291,5,772,74,949,1264
1891,Q292,5,1118,208,540,1567
1892,Q293,5,68,329,664,1490
1893,Q294,5,338,1028,840,1219
1894,Q295,5,916,42,83,1500
1895,Q296,5,257,164,64,1320
1896,Q297,5,673,490,665,1407
1897,Q298,5,403,317,691,1224
1898,Q299,5,528,381,155,1273
1899,Q300,5,747,368,144,1594
1900,Q301,5,652,1000,342,1529
1901,Q302,5,291,1082,833,1445
1902,Q303,5,190,225,661,1382
1903,Q304,5,929,770,578,1283
1904,Q305,5,269,621,801,1539
1905,Q306,5,461,622,184,1354
1906,Q307,5,1076,449,1161,1446
1907,Q308,5,1199,200,984,1554
1908,Q309,5,863,971,79,1491
1909,Q310,5,1162,266,632,1240
1910,Q311,5,740,1,1131,1296
1911,Q312,5,354,813,835,1502
1912,Q313,5,1106,339,1107,1516
1913,Q314,5,1097,974,39,1584
1914,Q315,5,428,154,946,1351
1915,Q316,5,105,952,1190,1342
1916,Q317,5,684,862,393,1528
1917,Q318,5,219,1116,413,1263
1918,Q319,5,423,321,776,1488
1919,Q320,5,167,205,19,1272
1920,Q321,5,855,780,587,1239
1921,Q322,5,195,1056,115,1518
1922,Q323,5,70,299,221,1497
1923,Q324,5,402,38,445,1376
1924,Q325,5,795,97,903,1586
1925,Q326,5,127,525,831,1558
1926,Q327,5,990,268,23,1326
1927,Q328,5,1005,327,390,1337
1928,Q329,5,84,456,917,1436
1929,Q330,5,768,87,726,1581
1930,Q331,5,211,1014,1013,1459
1931,Q332,5,666,276,828,1566
1932,Q333,5,725,12,421,1582
1933,Q334,5,204,630,67,1513
1934,Q335,5,1152,162,424,1287
1935,Q336,5,49,894,966,1256
1936,Q337,5,31,1160,1031,1257
1937,Q338,5,53,295,992,1265
1938,Q339,5,721,977,358,1580
1939,Q340,5,758,1113,641,1201
1940,Q341,5,18,687,655,1333
1941,Q342,5,304,1138,482,1280
1942,Q343,5,1111,33,763,1550
1943,Q344,5,459,653,249,1438
1944,Q345,5,1163,860,409,1359
1945,Q346,5,8,56,45,1587
1946,Q347,5,609,17,396,1452
1947,Q348,5,1019,532,1015,1474
1948,Q349,5,5,1187,22,1298
1949,Q350,5,975,579,993,1221
1950,Q351,5,1054,360,336,1246
1951,Q352,5,1153,245,567,1207
1952,Q353,5,206,20,619,1421
1953,Q354,5,538,998,411,1521
1954,Q355,5,638,75,468,1598
1955,Q356,5,333,791,613,1200
1956,Q357,5,1040,440,746,1489
1957,Q358,5,519,263,1007,1346
1958,Q359,5,541,273,674,1435
1959,Q360,5,337,724,120,1483
1960,Q361,5,76,100,1115,1248
1961,Q362,5,1069,531,1041,1495
1962,Q363,5,183,913,616,1486
1963,Q364,5,487,804,784,1583
1964,Q365,5,848,388,474,1503
1965,Q366,5,651,682,1109,1332
1966,Q367,5,950,562,814,1357
1967,Q368,5,575,727,928,1457
1968,Q369,5,1058,1112,312,1353
1969,Q370,5,419,1048,817,1589
1970,Q371,5,1176,441,904,1546
1971,Q372,5,1128,330,159,1211
1972,Q373,5,601,522,591,1318
1973,Q374,5,584,597,702,1544
1974,Q375,5,527,927,1065,1384
1975,Q376,5,1034,793,1091,1377
1976,Q377,5,392,265,493,1398
1977,Q378,5,41,286,238,1378
1978,Q379,5,647,214,529,1402
1979,Q380,5,882,708,694,1478
1980,Q381,5,679,274,13,1449
1981,Q382,5,196,352,853,1463
1982,Q383,5,782,1120,816,1593
1983,Q384,5,157,1093,21,1499
1984,Q385,5,745,586,865,1225
1985,Q386,5,602,794,1102,1585
1986,Q387,5,73,846,119,1433
1987,Q388,5,193,872,362,1262
1988,Q389,5,107,1129,678,1551
1989,Q390,5,310,719,838,1204
1990,Q391,5,148,237,494,1416
1991,Q392,5,364,822,703,1461
1992,Q393,5,1037,909,414,1251
1993,Q394,5,349,218,1148,1299
1994,Q395,5,566,698,589,1429
1995,Q396,5,596,972,386,1288
1996,Q397,5,741,309,945,1439
1997,Q398,5,557,656,71,1259
1998,Q399,5,1095,37,571,1343
1999,Q400,5,901,4,303,1292
2000,Q1,6,378,422,34,1272
2001,Q2,6,739,607,629,1571
2002,Q3,6,1075,670,864,1459
2003,Q4,6,1068,550,997,1508
2004,Q5,6,1103,128,924,1360
2005,Q6,6,448,720,255,1578
2006,Q7,6,258,394,1049,1242
2007,Q8,6,881,692,590,1435
2008,Q9,6,293,1184,1059,1246
2009,Q10,6,932,943,1092,1335
2010,Q11,6,947,1017,210,1305
2011,Q12,6,667,1072,877,1384
2012,Q13,6,986,559,1086,1307
2013,Q14,6,153,315,1032,1204
2014,Q15,6,135,611,191,1286
2015,Q16,6,498,960,897,1530
2016,Q17,6,1170,731,50,1465
2017,Q18,6,963,1003,226,1450
2018,Q19,6,606,1122,907,1500
2019,Q20,6,700,508,1156,1507
2020,Q21,6,847,311,323,1348
2021,Q22,6,617,964,878,1484
2022,Q23,6,660,187,560,1520
2023,Q24,6,614,919,1090,1314
2024,Q25,6,131,769,248,1432
2025,Q26,6,942,488,446,1426
2026,Q27,6,475,252,889,1539
2027,Q28,6,518,222,340,1470
2028,Q29,6,654,612,432,1590
2029,Q30,6,663,15,535,1293
2030,Q31,6,356,583,343,1397
2031,Q32,6,123,51,574,1203
2032,Q33,6,807,480,618,1333
2033,Q34,6,521,1178,277,1505
2034,Q35,6,296,92,197,1427
2035,Q36,6,69,40,399,1405
2036,Q37,6,156,1052,81,1557
2037,Q38,6,287,496,790,1238
2038,Q39,6,733,136,859,1388
2039,Q40,6,379,934,272,1392
2040,Q41,6,189,989,194,1354
2041,Q42,6,383,982,899,1368
2042,Q43,6,981,812,757,1358
2043,Q44,6,852,1011,444,1554
2044,Q45,6,89,453,251,1421
2045,Q46,6,1060,526,1149,1376
2046,Q47,6,242,1047,870,1312
2047,Q48,6,1121,433,188,1200
2048,Q49,6,489,512,1126,1378
2049,Q50,6,709,787,138,1541
2050,Q51,6,1117,246,850,1591
2051,Q52,6,308,911,563,1403
2052,Q53,6,166,1035,103,1501
2053,Q54,6,533,615,43,1493
2054,Q55,6,297,431,891,1576
2055,Q56,6,113,996,282,1342
2056,Q57,6,592,605,288,1558
2057,Q58,6,902,738,158,1495
2058,Q59,6,382,247,1061,1319
2059,Q60,6,437,240,1145,1429
2060,Q61,6,497,779,1022,1534
2061,Q62,6,174,377,477,1581
2062,Q63,6,1127,1055,1194,1533
2063,Q64,6,940,544,271,1399
2064,Q65,6,1197,898,116,1466
2065,Q66,6,937,868,922,1437
2066,Q67,6,207,620,376,1357
2067,Q68,6,839,918,457,1214
2068,Q69,6,132,169,1020,1419
2069,Q70,6,610,306,401,1563
2070,Q71,6,854,139,642,1531
2071,Q72,6,371,478,956,1385
2072,Q73,6,1027,1155,749,1594
2073,Q74,6,359,639,908,1540
2074,Q75,6,46,212,458,1532
2075,Q76,6,389,873,555,1469
2076,Q77,6,353,547,344,1328
2077,Q78,6,1188,786,341,1362
2078,Q79,6,145,1154,161,1560
2079,Q80,6,1026,181,658,1449
2080,Q81,6,959,722,912,1404
2081,Q82,6,930,672,109,1217
2082,Q83,6,657,429,1198,1251
2083,Q84,6,933,888,730,1263
2084,Q85,6,1021,781,979,1353
2085,Q86,6,650,172,398,1241
2086,Q87,6,491,435,789,1262
2087,Q88,6,1167,451,180,1499
2088,Q89,6,1083,450,1183,1350
2089,Q90,6,1141,278,689,1208
2090,Q91,6,129,467,765,1494
2091,Q92,6,1189,523,842,1479
2092,Q93,6,140,16,241,1475
2093,Q94,6,843,1099,1030,1526
2094,Q95,6,953,407,690,1424
2095,Q96,6,588,662,858,1518
2096,Q97,6,509,556,391,1490
2097,Q98,6,1066,227,492,1205
2098,Q99,6,259,1186,290,1255
2099,Q100,6,799,876,425,1283
2100,Q101,6,151,1039,171,1410
2101,Q102,6,1079,94,625,1467
2102,Q103,6,1057,455,1134,1559
2103,Q104,6,215,28,454,1276
2104,Q105,6,764,86,951,1332
2105,Q106,6,867,322,267,1588
2106,Q107,6,434,0,1175,1232
2107,Q108,6,149,147,375,1326
2108,Q109,6,373,649,568,1482
2109,Q110,6,970,1038,1096,1330
2110,Q111,6,36,866,1100,1567
2111,Q112,6,750,968,505,1226
2112,Q113,6,688,404,253,1458
2113,Q114,6,1101,676,372,1597
2114,Q115,6,133,178,991,1341
2115,Q116,6,30,880,198,1564
2116,Q117,6,503,1063,805,1457
2117,Q118,6,699,365,1144,1377
2118,Q119,6,774,236,125,1317
2119,Q120,6,810,101,1023,1491
2120,Q121,6,418,319,595,1324
2121,Q122,6,985,713,35,1401
2122,Q123,6,1135,874,884,1425
2123,Q124,6,1179,160,57,1547
2124,Q125,6,1067,1195,735,1313
2125,Q126,6,168,570,646,1544
2126,Q127,6,548,233,635,1215
2127,Q128,6,1078,380,32,1298
2128,Q129,6,473,955,926,1337
2129,Q130,6,1182,230,292,1529
2130,Q131,6,44,224,623,1359
2131,Q132,6,506,549,111,1498
2132,Q133,6,102,415,802,1592
2133,Q134,6,1074,363,1130,1478
2134,Q135,6,1171,108,62,1248
2135,Q136,6,165,350,420,1375
2136,Q137,6,668,294,374,1247
2137,Q138,6,818,856,792,1422
2138,Q139,6,626,59,192,1206
2139,Q140,6,1070,1191,517,1391
2140,Q141,6,752,25,1002,1400
2141,Q142,6,925,410,332,1344
2142,Q143,6,1142,608,1025,1253
2143,Q144,6,565,99,987,1269
2144,Q145,6,598,734,710,1371
2145,Q146,6,442,1010,892,1292
2146,Q147,6,345,328,14,1430
2147,Q148,6,697,231,636,1535
2148,Q149,6,1053,213,250,1439
2149,Q150,6,515,510,90,1316
2150,Q151,6,408,55,406,1536
2151,Q152,6,1177,163,177,1380
2152,Q153,6,118,834,685,1538
2153,Q154,6,695,914,999,1373
2154,Q155,6,910,896,209,1398
2155,Q156,6,785,54,305,1259
2156,Q157,6,300,849,229,1347
2157,Q158,6,106,47,944,1277
2158,Q159,6,281,320,524,1207
2159,Q160,6,815,869,675,1415
2160,Q161,6,1087,1143,1012,1218
2161,Q162,6,761,1062,796,1451
2162,Q163,6,767,370,285,1394
2163,Q164,6,1080,594,72,1233
2164,Q165,6,254,1036,1180,1443
2165,Q166,6,348,6,347,1568
2166,Q167,6,331,170,1150,1472
2167,Q168,6,1081,777,1139,1240
2168,Q169,6,202,599,1105,1345
2169,Q170,6,895,886,361,1420
2170,Q171,6,844,114,841,1543
2171,Q172,6,298,316,9,1321
2172,Q173,6,146,1136,857,1438
2173,Q174,6,832,479,890,1235
2174,Q175,6,1029,239,175,1452
2175,Q176,6,500,270,958,1339
2176,Q177,6,513,564,837,1390
2177,Q178,6,152,412,704,1374
2178,Q179,6,469,283,961,1411
2179,Q180,6,335,1164,416,1383
2180,Q181,6,1114,546,1146,1216
2181,Q182,6,256,935,921,1252
2182,Q183,6,462,1123,137,1444
2183,Q184,6,829,216,643,1287
2184,Q185,6,1051,1108,1050,1436
2185,Q186,6,201,179,1085,1355
2186,Q187,6,3,325,1098,1230
2187,Q188,6,223,554,686,1340
2188,Q189,6,232,275,572,1372
2189,Q190,6,96,716,1016,1256
2190,Q191,6,696,1181,824,1320
2191,Q192,6,313,243,809,1477
2192,Q193,6,1125,122,1004,1250
2193,Q194,6,502,326,485,1582
2194,Q195,6,600,10,775,1266
2195,Q196,6,385,351,334,1599
2196,Q197,6,85,397,1168,1460
2197,Q198,6,121,355,906,1595
2198,Q199,6,1185,1137,1173,1516
2199,Q200,6,875,173,1169,1476
2200,Q201,6,1091,426,217,1556
2201,Q202,6,159,758,193,1387
2202,Q203,6,74,21,476,1462
2203,Q204,6,1158,220,1116,1522
2204,Q205,6,68,268,1106,1281
2205,Q206,6,182,1045,1040,1219
2206,Q207,6,440,360,501,1228
2207,Q208,6,772,234,666,1303
2208,Q209,6,1112,648,1120,1224
2209,Q210,6,414,885,647,1304
2210,Q211,6,97,124,5,1552
2211,Q212,6,751,1019,29,1237
2212,Q213,6,729,336,225,1461
2213,Q214,6,338,519,318,1386
2214,Q215,6,13,558,354,1222
2215,Q216,6,452,768,1111,1361
2216,Q217,6,971,936,825,1220
2217,Q218,6,800,621,826,1521
2218,Q219,6,436,218,284,1213
2219,Q220,6,882,655,894,1285
2220,Q221,6,402,1115,915,1257
2221,Q222,6,770,471,1037,1596
2222,Q223,6,112,1043,969,1229
2223,Q224,6,744,538,486,1346
2224,Q225,6,1113,1095,784,1548
2225,Q226,6,183,82,1148,1212
2226,Q227,6,4,472,782,1352
2227,Q228,6,759,83,238,1301
2228,Q229,6,622,721,368,1402
2229,Q230,6,1118,1138,711,1468
2230,Q231,6,154,516,405,1234
2231,Q232,6,681,195,12,1448
2232,Q233,6,484,602,409,1555
2233,Q234,6,164,557,679,1587
2234,Q235,6,634,929,367,1201
2235,Q236,6,745,687,417,1366
2236,Q237,6,1162,931,411,1323
2237,Q238,6,23,430,820,1288
2238,Q239,6,551,362,527,1349
2239,Q240,6,1064,920,967,1291
2240,Q241,6,423,66,822,1260
2241,Q242,6,104,983,541,1511
2242,Q243,6,552,79,514,1442
2243,Q244,6,838,1024,264,1513
2244,Q245,6,1044,806,2,1416
2245,Q246,6,619,900,1054,1297
2246,Q247,6,1076,534,26,1545
2247,Q248,6,1031,530,973,1509
2248,Q249,6,49,390,776,1396
2249,Q250,6,848,71,725,1243
2250,Q251,6,1034,38,162,1549
2251,Q252,6,393,1088,576,1280
2252,Q253,6,1132,747,974,1331
2253,Q254,6,447,718,148,1261
2254,Q255,6,540,460,266,1351
2255,Q256,6,1174,244,609,1528
2256,Q257,6,536,830,37,1264
2257,Q258,6,539,928,1157,1589
2258,Q259,6,427,150,528,1492
2259,Q260,6,58,736,1196,1572
2260,Q261,6,726,428,228,1364
2261,Q262,6,976,265,990,1593
2262,Q263,6,532,495,1028,1210
2263,Q264,6,98,184,346,1523
2264,Q265,6,1190,342,8,1311
2265,Q266,6,561,1056,577,1497
2266,Q267,6,445,724,19,1481
2267,Q268,6,913,901,1005,1519
2268,Q269,6,63,905,522,1512
2269,Q270,6,952,817,1161,1586
2270,Q271,6,52,219,698,1524
2271,Q272,6,466,743,586,1289
2272,Q273,6,917,755,1069,1574
2273,Q274,6,678,1018,585,1413
2274,Q275,6,653,630,923,1379
2275,Q276,6,80,811,76,1566
2276,Q277,6,762,893,439,1517
2277,Q278,6,1093,483,641,1583
2278,Q279,6,855,746,627,1514
2279,Q280,6,396,424,883,1236
2280,Q281,6,819,780,490,1550
2281,Q282,6,520,1140,307,1525
2282,Q283,6,569,980,1163,1463
2283,Q284,6,274,582,941,1211
2284,Q285,6,1042,773,984,1551
2285,Q286,6,1015,127,939,1562
2286,Q287,6,794,1187,661,1417
2287,Q288,6,141,652,737,1327
2288,Q289,6,395,413,78,1483
2289,Q290,6,468,321,597,1454
2290,Q291,6,584,865,507,1447
2291,Q292,6,7,1077,349,1239
2292,Q293,6,1153,185,245,1546
2293,Q294,6,381,978,443,1367
2294,Q295,6,214,61,280,1249
2295,Q296,6,887,801,593,1275
2296,Q297,6,909,1172,1008,1480
2297,Q298,6,279,110,299,1489
2298,Q299,6,1046,604,562,1393
2299,Q300,6,1065,95,324,1369
2300,Q301,6,723,1007,587,1225
2301,Q302,6,461,286,17,1471
2302,Q303,6,778,204,1176,1284
2303,Q304,6,727,994,573,1577
2304,Q305,6,107,134,67,1315
2305,Q306,6,499,601,358,1569
2306,Q307,6,117,60,155,1300
2307,Q308,6,827,631,728,1453
2308,Q309,6,1009,766,481,1506
2309,Q310,6,419,529,84,1503
2310,Q311,6,100,946,693,1389
2311,Q312,6,845,537,632,1570
2312,Q313,6,545,186,289,1365
2313,Q314,6,860,1000,616,1515
2314,Q315,6,388,130,756,1496
2315,Q316,6,493,200,962,1598
2316,Q317,6,18,1124,310,1412
2317,Q318,6,828,211,771,1579
2318,Q319,6,474,11,1110,1486
2319,Q320,6,1192,741,470,1585
2320,Q321,6,707,694,261,1338
2321,Q322,6,31,48,1165,1282
2322,Q323,6,671,638,22,1302
2323,Q324,6,992,988,303,1296
2324,Q325,6,1058,808,708,1265
2325,Q326,6,487,73,851,1381
2326,Q327,6,1129,966,742,1527
2327,Q328,6,1084,740,384,1299
2328,Q329,6,1104,628,669,1504
2329,Q330,6,237,143,352,1325
2330,Q331,6,879,571,464,1537
2331,Q332,6,53,949,581,1409
2332,Q333,6,1102,903,482,1274
2333,Q334,6,1131,916,579,1431
2334,Q335,6,1199,861,853,1580
2335,Q336,6,41,682,993,1584
2336,Q337,6,309,872,674,1268
2337,Q338,6,273,684,1147,1485
2338,Q339,6,1193,578,566,1433
2339,Q340,6,70,459,463,1510
2340,Q341,6,553,719,190,1407
2341,Q342,6,904,836,543,1445
2342,Q343,6,938,823,677,1573
2343,Q344,6,260,531,91,1322
2344,Q345,6,208,680,972,1273
2345,Q346,6,656,783,798,1309
2346,Q347,6,1107,387,157,1542
2347,Q348,6,683,763,804,1423
2348,Q349,6,840,714,580,1473
2349,Q350,6,645,1089,337,1336
2350,Q351,6,927,1073,673,1455
2351,Q352,6,77,144,357,1294
2352,Q353,6,816,421,1152,1209
2353,Q354,6,369,27,400,1488
2354,Q355,6,301,1166,88,1318
2355,Q356,6,392,965,176,1306
2356,Q357,6,317,1013,1128,1231
2357,Q358,6,835,701,249,1395
2358,Q359,6,56,871,1094,1290
2359,Q360,6,995,542,567,1245
2360,Q361,6,120,314,64,1553
2361,Q362,6,65,167,1033,1278
2362,Q363,6,589,591,975,1279
2363,Q364,6,760,753,754,1418
2364,Q365,6,45,659,494,1223
2365,Q366,6,664,262,1082,1329
2366,Q367,6,525,304,797,1363
2367,Q368,6,33,203,75,1271
2368,Q369,6,945,333,846,1310
2369,Q370,6,703,42,327,1270
2370,Q371,6,575,644,119,1434
2371,Q372,6,791,862,715,1441
2372,Q373,6,1006,87,1097,1221
2373,Q374,6,291,1133,196,1334
2374,Q375,6,793,511,456,1502
2375,Q376,6,142,205,831,1244
2376,Q377,6,1014,977,821,1428
2377,Q378,6,221,20,1001,1295
2378,Q379,6,702,276,813,1370
2379,Q380,6,603,364,705,1267
2380,Q381,6,706,1159,833,1446
2381,Q382,6,633,441,1151,1464
2382,Q383,6,302,863,339,1308
2383,Q384,6,712,465,637,1474
2384,Q385,6,1041,295,651,1343
2385,Q386,6,235,957,748,1227
2386,Q387,6,954,803,717,1487
2387,Q388,6,1160,950,438,1414
2388,Q389,6,504,312,1,1565
2389,Q390,6,330,126,449,1561
2390,Q391,6,263,206,199,1575
2391,Q392,6,665,596,257,1456
2392,Q393,6,795,788,613,1258
2393,Q394,6,732,1071,624,1254
2394,Q395,6,93,115,1048,1406
2395,Q396,6,403,998,329,1440
2396,Q397,6,1119,1109,366,1356
2397,Q398,6,105,948,24,1382
2398,Q399,6,39,386,269,1408
2399,Q400,6,691,814,640,1202
2400,Q1,7,1139,1171,201,1302
2401,Q2,7,255,178,1074,1431
2402,Q3,7,404,592,555,1223
2403,Q4,7,1027,765,629,1332
2404,Q5,7,786,841,832,1205
2405,Q6,7,376,599,173,1301
2406,Q7,7,970,546,198,1589
2407,Q8,7,431,353,606,1461
2408,Q9,7,233,401,389,1425
2409,Q10,7,437,1080,876,1225
2410,Q11,7,802,15,942,1211
2411,Q12,7,398,1055,345,1531
2412,Q13,7,626,930,298,1215
2413,Q14,7,1016,1011,605,1253
2414,Q15,7,1039,296,618,1483
2415,Q16,7,1127,512,850,1568
2416,Q17,7,720,989,1144,1293
2417,Q18,7,1085,285,852,1362
2418,Q19,7,924,1114,451,1250
2419,Q20,7,267,868,1168,1249
2420,Q21,7,944,103,394,1591
2421,Q22,7,854,46,663,1306
2422,Q23,7,779,425,1136,1566
2423,Q24,7,866,610,1175,1251
2424,Q25,7,356,716,815,1482
2425,Q26,7,572,94,147,1491
2426,Q27,7,844,914,408,1220
2427,Q28,7,92,1180,313,1459
2428,Q29,7,416,44,241,1347
2429,Q30,7,355,510,535,1470
2430,Q31,7,444,1137,675,1382
2431,Q32,7,513,197,955,1576
2432,Q33,7,981,72,919,1445
2433,Q34,7,153,473,1012,1504
2434,Q35,7,884,1032,118,1311
2435,Q36,7,1057,35,1036,1354
2436,Q37,7,999,407,991,1337
2437,Q38,7,374,479,1101,1288
2438,Q39,7,1154,1025,136,1334
2439,Q40,7,340,230,1155,1545
2440,Q41,7,243,867,326,1544
2441,Q42,7,1177,843,69,1499
2442,Q43,7,1087,509,180,1221
2443,Q44,7,961,429,207,1567
2444,Q45,7,688,1183,881,1323
2445,Q46,7,500,643,1164,1238
2446,Q47,7,805,287,1090,1385
2447,Q48,7,857,554,847,1562
2448,Q49,7,281,1184,418,1267
2449,Q50,7,612,169,1156,1239
2450,Q51,7,1108,123,116,1526
2451,Q52,7,960,189,478,1398
2452,Q53,7,739,925,216,1231
2453,Q54,7,59,57,560,1525
2454,Q55,7,351,253,122,1345
2455,Q56,7,696,704,1134,1300
2456,Q57,7,787,270,912,1216
2457,Q58,7,982,412,595,1440
2458,Q59,7,297,96,435,1272
2459,Q60,7,278,689,379,1395
2460,Q61,7,906,210,50,1592
2461,Q62,7,1062,775,660,1330
2462,Q63,7,1096,1072,1167,1455
2463,Q64,7,1060,359,722,1252
2464,Q65,7,293,347,548,1561
2465,Q66,7,818,642,731,1329
2466,Q67,7,254,62,322,1536
2467,Q68,7,477,135,1063,1512
2468,Q69,7,503,179,128,1304
2469,Q70,7,849,161,1143,1371
2470,Q71,7,1135,1047,458,1358
2471,Q72,7,202,277,792,1493
2472,Q73,7,156,1061,489,1458
2473,Q74,7,1142,385,899,1551
2474,Q75,7,10,1100,223,1235
2475,Q76,7,442,761,43,1331
2476,Q77,7,16,375,271,1261
2477,Q78,7,372,102,332,1229
2478,Q79,7,1126,191,550,1577
2479,Q80,7,341,563,918,1546
2480,Q81,7,508,810,662,1264
2481,Q82,7,224,870,382,1359
2482,Q83,7,215,114,111,1400
2483,Q84,7,108,564,1145,1476
2484,Q85,7,935,1092,496,1340
2485,Q86,7,997,101,650,1307
2486,Q87,7,30,9,446,1391
2487,Q88,7,308,922,227,1429
2488,Q89,7,614,40,897,1409
2489,Q90,7,699,1086,590,1396
2490,Q91,7,730,556,319,1367
2491,Q92,7,3,608,932,1479
2492,Q93,7,283,177,1103,1326
2493,Q94,7,272,383,1125,1453
2494,Q95,7,137,1004,1038,1414
2495,Q96,7,222,25,607,1408
2496,Q97,7,1081,956,305,1543
2497,Q98,7,1078,365,133,1257
2498,Q99,7,1099,32,498,1201
2499,Q100,7,892,187,129,1273
2500,Q101,7,767,99,933,1432
2501,Q102,7,363,85,172,1595
2502,Q103,7,469,1052,889,1520
2503,Q104,7,713,158,764,1388
2504,Q105,7,455,774,311,1270
2505,Q106,7,457,335,824,1381
2506,Q107,7,1141,434,247,1553
2507,Q108,7,1051,676,985,1242
2508,Q109,7,518,55,397,1583
2509,Q110,7,777,334,36,1548
2510,Q111,7,475,248,635,1224
2511,Q112,7,232,749,502,1294
2512,Q113,7,174,1022,14,1454
2513,Q114,7,951,328,344,1555
2514,Q115,7,526,878,348,1494
2515,Q116,7,979,151,875,1467
2516,Q117,7,378,350,953,1495
2517,Q118,7,256,467,785,1256
2518,Q119,7,292,752,399,1441
2519,Q120,7,231,1079,194,1374
2520,Q121,7,1026,685,750,1498
2521,Q122,7,896,658,1123,1465
2522,Q123,7,480,524,1021,1421
2523,Q124,7,139,926,1067,1315
2524,Q125,7,859,149,226,1527
2525,Q126,7,964,987,0,1338
2526,Q127,7,213,517,594,1266
2527,Q128,7,323,781,300,1464
2528,Q129,7,171,611,290,1521
2529,Q130,7,282,188,649,1246
2530,Q131,7,1173,1194,623,1295
2531,Q132,7,911,858,406,1522
2532,Q133,7,559,934,145,1590
2533,Q134,7,1070,242,415,1259
2534,Q135,7,1146,943,373,1269
2535,Q136,7,856,1169,686,1212
2536,Q137,7,1170,51,212,1296
2537,Q138,7,646,1188,160,1584
2538,Q139,7,568,565,910,1292
2539,Q140,7,996,807,47,1243
2540,Q141,7,921,258,834,1538
2541,Q142,7,239,615,86,1403
2542,Q143,7,574,588,181,1511
2543,Q144,7,1117,113,888,1237
2544,Q145,7,690,549,890,1427
2545,Q146,7,1083,1182,523,1383
2546,Q147,7,246,521,371,1282
2547,Q148,7,672,1186,275,1565
2548,Q149,7,54,315,420,1366
2549,Q150,7,1191,294,492,1473
2550,Q151,7,361,106,657,1365
2551,Q152,7,789,1130,799,1552
2552,Q153,7,842,937,229,1598
2553,Q154,7,620,598,734,1324
2554,Q155,7,869,1020,533,1217
2555,Q156,7,192,547,454,1507
2556,Q157,7,316,733,667,1418
2557,Q158,7,453,252,422,1475
2558,Q159,7,907,81,700,1275
2559,Q160,7,1053,636,491,1502
2560,Q161,7,1049,668,790,1209
2561,Q162,7,306,28,250,1327
2562,Q163,7,837,90,34,1352
2563,Q164,7,654,959,583,1404
2564,Q165,7,874,738,1197,1281
2565,Q166,7,1121,1003,1002,1564
2566,Q167,7,505,146,809,1480
2567,Q168,7,958,639,6,1505
2568,Q169,7,1122,170,873,1279
2569,Q170,7,812,320,947,1496
2570,Q171,7,1198,450,121,1501
2571,Q172,7,515,880,433,1230
2572,Q173,7,1050,908,370,1260
2573,Q174,7,166,259,152,1516
2574,Q175,7,1023,877,488,1271
2575,Q176,7,1059,902,735,1451
2576,Q177,7,138,377,1035,1588
2577,Q178,7,1066,109,898,1579
2578,Q179,7,1185,497,89,1572
2579,Q180,7,168,986,448,1317
2580,Q181,7,1181,343,625,1406
2581,Q182,7,485,175,131,1513
2582,Q183,7,544,695,697,1423
2583,Q184,7,670,891,391,1506
2584,Q185,7,1179,1178,886,1528
2585,Q186,7,1030,769,380,1360
2586,Q187,7,796,125,165,1254
2587,Q188,7,140,1017,1105,1200
2588,Q189,7,709,692,1075,1318
2589,Q190,7,710,462,963,1346
2590,Q191,7,251,240,432,1377
2591,Q192,7,1010,1098,163,1310
2592,Q193,7,617,410,236,1283
2593,Q194,7,570,968,600,1420
2594,Q195,7,1149,864,1029,1532
2595,Q196,7,1150,757,1195,1227
2596,Q197,7,829,1189,940,1514
2597,Q198,7,895,331,288,1582
2598,Q199,7,132,209,839,1456
2599,Q200,7,506,1068,325,1373
2600,Q201,7,795,681,8,1390
2601,Q202,7,1024,78,780,1335
2602,Q203,7,1045,741,957,1213
2603,Q204,7,634,801,39,1219
2604,Q205,7,861,941,853,1401
2605,Q206,7,449,110,447,1540
2606,Q207,7,644,1048,157,1452
2607,Q208,7,846,711,783,1348
2608,Q209,7,196,299,190,1419
2609,Q210,7,571,978,60,1430
2610,Q211,7,443,208,66,1368
2611,Q212,7,238,142,474,1364
2612,Q213,7,395,1158,619,1477
2613,Q214,7,1044,737,702,1353
2614,Q215,7,184,1112,528,1594
2615,Q216,7,63,445,804,1486
2616,Q217,7,329,309,516,1312
2617,Q218,7,396,545,640,1320
2618,Q219,7,476,217,806,1529
2619,Q220,7,628,782,1013,1407
2620,Q221,7,1042,1124,966,1448
2621,Q222,7,540,220,1037,1424
2622,Q223,7,1153,80,67,1478
2623,Q224,7,58,622,659,1397
2624,Q225,7,12,41,342,1378
2625,Q226,7,851,946,472,1339
2626,Q227,7,440,609,893,1413
2627,Q228,7,1028,387,582,1471
2628,Q229,7,280,632,865,1214
2629,Q230,7,324,1106,975,1466
2630,Q231,7,797,117,693,1422
2631,Q232,7,1033,701,726,1517
2632,Q233,7,872,903,466,1278
2633,Q234,7,459,1193,264,1560
2634,Q235,7,814,1034,266,1487
2635,Q236,7,828,93,263,1490
2636,Q237,7,931,2,604,1435
2637,Q238,7,763,664,225,1515
2638,Q239,7,333,751,511,1297
2639,Q240,7,1097,403,20,1255
2640,Q241,7,468,920,1119,1578
2641,Q242,7,1166,1040,411,1319
2642,Q243,7,419,159,199,1234
2643,Q244,7,558,381,37,1534
2644,Q245,7,928,760,141,1438
2645,Q246,7,728,680,56,1286
2646,Q247,7,71,1056,1001,1314
2647,Q248,7,134,1093,26,1436
2648,Q249,7,427,1043,115,1369
2649,Q250,7,77,894,388,1411
2650,Q251,7,495,68,909,1530
2651,Q252,7,1174,860,589,1245
2652,Q253,7,279,708,703,1472
2653,Q254,7,83,747,126,1309
2654,Q255,7,421,195,1107,1303
2655,Q256,7,637,362,647,1363
2656,Q257,7,11,698,694,1559
2657,Q258,7,755,289,718,1573
2658,Q259,7,885,100,1082,1392
2659,Q260,7,621,784,766,1524
2660,Q261,7,303,205,257,1277
2661,Q262,7,536,641,120,1206
2662,Q263,7,990,974,206,1518
2663,Q264,7,542,162,481,1399
2664,Q265,7,23,424,61,1415
2665,Q266,7,972,822,5,1575
2666,Q267,7,262,581,439,1240
2667,Q268,7,321,723,52,1510
2668,Q269,7,310,130,655,1298
2669,Q270,7,532,882,677,1233
2670,Q271,7,49,1140,176,1357
2671,Q272,7,1069,821,522,1247
2672,Q273,7,567,988,53,1539
2673,Q274,7,534,771,1015,1474
2674,Q275,7,393,64,75,1265
2675,Q276,7,1148,949,461,1523
2676,Q277,7,1095,520,936,1355
2677,Q278,7,601,732,24,1393
2678,Q279,7,82,507,73,1444
2679,Q280,7,973,249,104,1570
2680,Q281,7,816,203,1196,1342
2681,Q282,7,70,971,551,1443
2682,Q283,7,127,597,1147,1581
2683,Q284,7,758,436,819,1222
2684,Q285,7,339,22,917,1541
2685,Q286,7,803,426,1077,1574
2686,Q287,7,813,276,29,1550
2687,Q288,7,624,584,904,1328
2688,Q289,7,185,798,1192,1410
2689,Q290,7,119,487,76,1386
2690,Q291,7,826,791,679,1497
2691,Q292,7,330,616,1088,1442
2692,Q293,7,295,1094,586,1535
2693,Q294,7,336,678,569,1274
2694,Q295,7,367,1161,651,1258
2695,Q296,7,417,21,715,1446
2696,Q297,7,1176,827,499,1350
2697,Q298,7,525,788,154,1586
2698,Q299,7,1076,244,687,1460
2699,Q300,7,273,543,579,1449
2700,Q301,7,143,746,714,1469
2701,Q302,7,368,962,838,1416
2702,Q303,7,338,923,905,1228
2703,Q304,7,630,1054,245,1316
2704,Q305,7,312,531,1104,1463
2705,Q306,7,423,744,235,1489
2706,Q307,7,965,234,148,1433
2707,Q308,7,993,200,204,1336
2708,Q309,7,1129,97,349,1402
2709,Q310,7,318,725,800,1503
2710,Q311,7,45,627,671,1394
2711,Q312,7,430,1084,633,1571
2712,Q313,7,460,719,527,1488
2713,Q314,7,768,539,1031,1519
2714,Q315,7,691,1089,557,1244
2715,Q316,7,456,825,150,1447
2716,Q317,7,346,79,537,1321
2717,Q318,7,976,707,969,1232
2718,Q319,7,638,652,830,1333
2719,Q320,7,470,887,193,1268
2720,Q321,7,1008,413,580,1405
2721,Q322,7,1113,354,183,1462
2722,Q323,7,327,683,648,1563
2723,Q324,7,1138,1163,214,1308
2724,Q325,7,811,673,304,1597
2725,Q326,7,317,314,471,1580
2726,Q327,7,483,182,705,1361
2727,Q328,7,1071,998,602,1285
2728,Q329,7,1120,727,402,1344
2729,Q330,7,237,84,1190,1263
2730,Q331,7,845,1,274,1376
2731,Q332,7,772,862,717,1593
2732,Q333,7,587,682,591,1370
2733,Q334,7,307,386,490,1389
2734,Q335,7,756,1128,1111,1537
2735,Q336,7,414,1102,967,1558
2736,Q337,7,1019,820,541,1542
2737,Q338,7,778,585,464,1218
2738,Q339,7,538,929,337,1284
2739,Q340,7,915,482,945,1290
2740,Q341,7,1058,221,13,1533
2741,Q342,7,74,952,38,1372
2742,Q343,7,352,265,501,1305
2743,Q344,7,144,384,871,1481
2744,Q345,7,724,948,984,1291
2745,Q346,7,754,776,33,1556
2746,Q347,7,736,1009,656,1241
2747,Q348,7,740,167,742,1287
2748,Q349,7,1151,405,1132,1380
2749,Q350,7,228,793,409,1457
2750,Q351,7,575,98,566,1587
2751,Q352,7,661,950,1000,1280
2752,Q353,7,578,268,155,1236
2753,Q354,7,514,441,519,1299
2754,Q355,7,983,88,452,1313
2755,Q356,7,770,1187,977,1426
2756,Q357,7,261,186,1159,1468
2757,Q358,7,1073,552,745,1484
2758,Q359,7,794,855,91,1450
2759,Q360,7,562,939,438,1208
2760,Q361,7,291,596,302,1375
2761,Q362,7,879,493,1014,1596
2762,Q363,7,1018,835,665,1341
2763,Q364,7,17,1172,7,1599
2764,Q365,7,669,369,1131,1262
2765,Q366,7,107,666,954,1384
2766,Q367,7,995,31,357,1276
2767,Q368,7,836,883,390,1569
2768,Q369,7,900,504,1199,1387
2769,Q370,7,1064,358,748,1325
2770,Q371,7,400,1118,848,1203
2771,Q372,7,1046,530,762,1412
2772,Q373,7,465,1005,269,1417
2773,Q374,7,577,593,284,1289
2774,Q375,7,684,916,863,1207
2775,Q376,7,773,360,753,1585
2776,Q377,7,840,1006,603,1509
2777,Q378,7,631,1109,573,1248
2778,Q379,7,1116,645,218,1210
2779,Q380,7,105,1162,486,1349
2780,Q381,7,1157,484,706,1485
2781,Q382,7,1115,1007,364,1356
2782,Q383,7,576,653,95,1492
2783,Q384,7,260,980,994,1549
2784,Q385,7,833,1152,1160,1322
2785,Q386,7,219,759,428,1500
2786,Q387,7,392,19,712,1204
2787,Q388,7,286,1091,494,1379
2788,Q389,7,42,674,823,1508
2789,Q390,7,1065,366,721,1554
2790,Q391,7,27,817,463,1351
2791,Q392,7,1133,18,808,1439
2792,Q393,7,1165,112,164,1437
2793,Q394,7,48,992,211,1202
2794,Q395,7,1041,301,831,1434
2795,Q396,7,901,729,553,1547
2796,Q397,7,529,1110,913,1428
2797,Q398,7,938,65,743,1557
2798,Q399,7,613,561,4,1343
2799,Q400,7,87,927,124,1226
2800,Q1,8,415,270,297,1506
2801,Q2,8,686,1101,930,1519
2802,Q3,8,515,517,59,1270
2803,Q4,8,187,188,161,1593
2804,Q5,8,1011,212,1072,1378
2805,Q6,8,300,376,375,1289
2806,Q7,8,391,512,554,1547
2807,Q8,8,787,473,147,1229
2808,Q9,8,600,1180,670,1262
2809,Q10,8,3,513,1068,1412
2810,Q11,8,1197,469,131,1200
2811,Q12,8,700,807,1036,1258
2812,Q13,8,505,961,85,1526
2813,Q14,8,565,10,639,1421
2814,Q15,8,583,325,866,1226
2815,Q16,8,870,239,524,1462
2816,Q17,8,341,14,412,1204
2817,Q18,8,139,46,361,1273
2818,Q19,8,1050,50,989,1524
2819,Q20,8,348,548,373,1285
2820,Q21,8,774,533,997,1592
2821,Q22,8,308,611,1127,1381
2822,Q23,8,293,320,399,1260
2823,Q24,8,69,275,510,1313
2824,Q25,8,764,179,243,1511
2825,Q26,8,90,985,1060,1451
2826,Q27,8,958,1126,335,1339
2827,Q28,8,431,615,864,1417
2828,Q29,8,259,1086,660,1497
2829,Q30,8,197,594,230,1565
2830,Q31,8,254,118,485,1560
2831,Q32,8,111,1017,856,1291
2832,Q33,8,1198,720,1181,1579
2833,Q34,8,1156,442,437,1525
2834,Q35,8,489,378,181,1251
2835,Q36,8,1100,1195,123,1455
2836,Q37,8,767,1063,953,1450
2837,Q38,8,874,1139,750,1520
2838,Q39,8,166,226,1150,1567
2839,Q40,8,1121,477,129,1407
2840,Q41,8,696,294,109,1247
2841,Q42,8,252,480,560,1464
2842,Q43,8,137,757,704,1537
2843,Q44,8,779,667,944,1307
2844,Q45,8,1049,292,535,1509
2845,Q46,8,1182,642,178,1552
2846,Q47,8,121,359,446,1205
2847,Q48,8,213,906,434,1588
2848,Q49,8,113,209,1074,1321
2849,Q50,8,595,242,1141,1356
2850,Q51,8,556,450,937,1532
2851,Q52,8,394,455,1114,1548
2852,Q53,8,739,96,502,1589
2853,Q54,8,775,296,191,1549
2854,Q55,8,138,1189,697,1306
2855,Q56,8,1047,1173,232,1489
2856,Q57,8,692,1170,81,1304
2857,Q58,8,685,815,1081,1402
2858,Q59,8,956,255,57,1357
2859,Q60,8,382,761,738,1562
2860,Q61,8,288,491,306,1580
2861,Q62,8,1142,458,6,1391
2862,Q63,8,1055,635,385,1280
2863,Q64,8,313,1098,849,1323
2864,Q65,8,379,672,1080,1228
2865,Q66,8,867,479,919,1309
2866,Q67,8,598,636,194,1483
2867,Q68,8,1146,1185,247,1594
2868,Q69,8,350,1059,236,1428
2869,Q70,8,605,1144,322,1366
2870,Q71,8,44,1053,416,1513
2871,Q72,8,890,404,781,1386
2872,Q73,8,951,940,1099,1272
2873,Q74,8,658,133,189,1296
2874,Q75,8,241,824,86,1478
2875,Q76,8,210,454,1025,1355
2876,Q77,8,689,812,544,1348
2877,Q78,8,140,177,116,1238
2878,Q79,8,305,165,1020,1418
2879,Q80,8,1168,398,1051,1505
2880,Q81,8,248,1079,979,1431
2881,Q82,8,106,506,713,1458
2882,Q83,8,343,503,987,1350
2883,Q84,8,207,926,559,1409
2884,Q85,8,829,668,955,1233
2885,Q86,8,934,629,345,1364
2886,Q87,8,363,406,492,1468
2887,Q88,8,908,709,968,1308
2888,Q89,8,156,1179,332,1533
2889,Q90,8,283,1087,1122,1290
2890,Q91,8,281,216,852,1494
2891,Q92,8,588,389,298,1530
2892,Q93,8,380,246,842,1383
2893,Q94,8,152,163,9,1501
2894,Q95,8,892,125,418,1452
2895,Q96,8,734,1191,1052,1415
2896,Q97,8,47,326,231,1361
2897,Q98,8,169,959,54,1315
2898,Q99,8,749,323,1030,1465
2899,Q100,8,918,568,344,1535
2900,Q101,8,36,1134,1078,1353
2901,Q102,8,132,839,508,1470
2902,Q103,8,1130,334,497,1480
2903,Q104,8,1062,448,287,1454
2904,Q105,8,657,921,1194,1443
2905,Q106,8,675,331,518,1518
2906,Q107,8,340,202,943,1329
2907,Q108,8,1057,858,789,1331
2908,Q109,8,1026,1061,868,1416
2909,Q110,8,646,475,267,1399
2910,Q111,8,149,171,1004,1504
2911,Q112,8,614,837,365,1557
2912,Q113,8,1135,523,1178,1326
2913,Q114,8,599,500,1016,1414
2914,Q115,8,51,1188,733,1392
2915,Q116,8,608,922,716,1286
2916,Q117,8,422,401,277,1433
2917,Q118,8,1171,1137,316,1404
2918,Q119,8,383,1145,1184,1393
2919,Q120,8,168,372,914,1243
2920,Q121,8,1075,224,810,1419
2921,Q122,8,982,114,250,1236
2922,Q123,8,752,146,457,1303
2923,Q124,8,805,215,1167,1377
2924,Q125,8,563,731,765,1271
2925,Q126,8,180,841,1023,1219
2926,Q127,8,572,610,898,1570
2927,Q128,8,981,229,153,1447
2928,Q129,8,881,877,676,1420
2929,Q130,8,834,809,869,1345
2930,Q131,8,1021,1003,888,1325
2931,Q132,8,160,453,351,1503
2932,Q133,8,991,1177,799,1317
2933,Q134,8,433,897,964,1427
2934,Q135,8,790,847,620,1571
2935,Q136,8,1169,924,16,1227
2936,Q137,8,625,777,854,1599
2937,Q138,8,174,1085,319,1487
2938,Q139,8,1123,880,549,1543
2939,Q140,8,0,285,896,1206
2940,Q141,8,347,699,555,1574
2941,Q142,8,592,574,1035,1330
2942,Q143,8,722,55,942,1542
2943,Q144,8,509,606,891,1400
2944,Q145,8,1092,272,886,1411
2945,Q146,8,89,1083,1103,1201
2946,Q147,8,1164,103,1066,1539
2947,Q148,8,690,832,278,1406
2948,Q149,8,99,1105,889,1544
2949,Q150,8,432,910,999,1436
2950,Q151,8,371,617,802,1572
2951,Q152,8,1010,996,108,1401
2952,Q153,8,467,1125,355,1319
2953,Q154,8,425,843,227,1577
2954,Q155,8,899,1039,444,1224
2955,Q156,8,710,884,1027,1429
2956,Q157,8,175,92,1136,1446
2957,Q158,8,662,408,857,1461
2958,Q159,8,253,730,935,1220
2959,Q160,8,223,145,201,1232
2960,Q161,8,873,32,34,1295
2961,Q162,8,397,960,1143,1241
2962,Q163,8,1183,911,643,1595
2963,Q164,8,859,315,192,1311
2964,Q165,8,688,521,353,1367
2965,Q166,8,1117,151,618,1292
2966,Q167,8,546,122,1029,1210
2967,Q168,8,94,1002,695,1389
2968,Q169,8,1032,1090,932,1578
2969,Q170,8,785,570,251,1463
2970,Q171,8,370,1155,101,1473
2971,Q172,8,420,970,407,1340
2972,Q173,8,792,496,912,1257
2973,Q174,8,844,311,590,1475
2974,Q175,8,410,876,1149,1476
2975,Q176,8,626,875,222,1214
2976,Q177,8,173,1186,40,1305
2977,Q178,8,623,158,933,1564
2978,Q179,8,43,654,925,1555
2979,Q180,8,796,429,649,1423
2980,Q181,8,564,547,488,1318
2981,Q182,8,435,1038,735,1545
2982,Q183,8,233,663,947,1266
2983,Q184,8,1154,102,374,1561
2984,Q185,8,256,498,451,1584
2985,Q186,8,25,258,28,1373
2986,Q187,8,240,878,850,1300
2987,Q188,8,135,1070,72,1507
2988,Q189,8,986,902,895,1460
2989,Q190,8,35,62,282,1445
2990,Q191,8,650,612,550,1568
2991,Q192,8,786,15,1022,1521
2992,Q193,8,1012,1096,172,1336
2993,Q194,8,1175,170,290,1434
2994,Q195,8,907,1067,136,1246
2995,Q196,8,328,462,271,1368
2996,Q197,8,526,818,128,1299
2997,Q198,8,1108,769,30,1583
2998,Q199,8,377,963,198,1267
2999,Q200,8,478,356,607,1217
3000,Q201,8,1000,366,674,1349
3001,Q202,8,204,1042,289,1324
3002,Q203,8,126,4,520,1499
3003,Q204,8,998,333,234,1332
3004,Q205,8,119,983,367,1437
3005,Q206,8,793,1160,1088,1586
3006,Q207,8,1033,577,1058,1422
3007,Q208,8,939,349,71,1598
3008,Q209,8,73,167,627,1215
3009,Q210,8,1174,845,691,1365
3010,Q211,8,1113,27,860,1245
3011,Q212,8,193,763,276,1566
3012,Q213,8,339,141,393,1439
3013,Q214,8,745,797,142,1502
3014,Q215,8,395,575,853,1239
3015,Q216,8,1001,150,753,1541
3016,Q217,8,471,1152,22,1596
3017,Q218,8,164,481,63,1444
3018,Q219,8,1082,419,729,1334
3019,Q220,8,941,52,501,1387
3020,Q221,8,846,93,848,1316
3021,Q222,8,221,1161,946,1281
3022,Q223,8,104,74,656,1358
3023,Q224,8,995,470,584,1486
3024,Q225,8,632,369,414,1333
3025,Q226,8,79,1132,835,1341
3026,Q227,8,68,360,299,1474
3027,Q228,8,591,1028,587,1259
3028,Q229,8,703,66,1034,1337
3029,Q230,8,966,1116,387,1534
3030,Q231,8,597,269,694,1354
3031,Q232,8,949,751,1138,1379
3032,Q233,8,29,819,1115,1277
3033,Q234,8,693,312,18,1202
3034,Q235,8,840,1124,430,1275
3035,Q236,8,301,464,445,1449
3036,Q237,8,203,593,423,1344
3037,Q238,8,495,681,838,1207
3038,Q239,8,580,1148,801,1582
3039,Q240,8,791,403,901,1573
3040,Q241,8,737,24,707,1482
3041,Q242,8,486,484,652,1288
3042,Q243,8,589,648,634,1485
3043,Q244,8,728,936,11,1252
3044,Q245,8,522,318,487,1363
3045,Q246,8,472,338,493,1453
3046,Q247,8,474,530,13,1514
3047,Q248,8,291,1044,317,1282
3048,Q249,8,633,609,206,1477
3049,Q250,8,726,39,831,1274
3050,Q251,8,511,1037,631,1396
3051,Q252,8,772,362,637,1512
3052,Q253,8,218,894,337,1394
3053,Q254,8,578,1054,780,1222
3054,Q255,8,78,573,1102,1347
3055,Q256,8,603,463,830,1488
3056,Q257,8,682,957,77,1346
3057,Q258,8,61,923,1109,1310
3058,Q259,8,823,428,684,1563
3059,Q260,8,621,436,447,1472
3060,Q261,8,736,1018,630,1369
3061,Q262,8,671,402,665,1490
3062,Q263,8,17,31,885,1441
3063,Q264,8,516,45,124,1515
3064,Q265,8,117,562,950,1426
3065,Q266,8,596,263,396,1237
3066,Q267,8,821,687,931,1360
3067,Q268,8,673,143,1110,1278
3068,Q269,8,541,754,638,1203
3069,Q270,8,459,1005,865,1264
3070,Q271,8,342,628,756,1550
3071,Q272,8,1064,762,514,1338
3072,Q273,8,302,537,107,1448
3073,Q274,8,466,280,390,1256
3074,Q275,8,476,1065,540,1585
3075,Q276,8,1093,220,706,1397
3076,Q277,8,21,1043,778,1456
3077,Q278,8,973,262,539,1370
3078,Q279,8,237,579,1162,1297
3079,Q280,8,978,1077,65,1283
3080,Q281,8,655,746,664,1352
3081,Q282,8,903,677,976,1516
3082,Q283,8,1007,157,279,1575
3083,Q284,8,717,553,449,1395
3084,Q285,8,836,1187,1024,1211
3085,Q286,8,439,60,264,1405
3086,Q287,8,928,666,80,1528
3087,Q288,8,1172,88,265,1500
3088,Q289,8,33,1041,37,1362
3089,Q290,8,712,724,76,1438
3090,Q291,8,1076,813,705,1403
3091,Q292,8,776,421,56,1430
3092,Q293,8,1151,261,558,1216
3093,Q294,8,321,310,714,1492
3094,Q295,8,990,1048,542,1495
3095,Q296,8,975,760,872,1554
3096,Q297,8,833,871,659,1223
3097,Q298,8,182,260,1013,1410
3098,Q299,8,424,795,1040,1538
3099,Q300,8,1046,266,861,1375
3100,Q301,8,883,816,653,1440
3101,Q302,8,651,828,904,1424
3102,Q303,8,741,519,916,1213
3103,Q304,8,1091,698,427,1551
3104,Q305,8,134,200,920,1546
3105,Q306,8,820,183,110,1517
3106,Q307,8,770,105,993,1374
3107,Q308,8,768,569,196,1479
3108,Q309,8,42,8,358,1469
3109,Q310,8,452,974,882,1527
3110,Q311,8,742,441,413,1327
3111,Q312,8,971,440,456,1255
3112,Q313,8,1118,929,804,1471
3113,Q314,8,678,346,800,1242
3114,Q315,8,329,217,507,1408
3115,Q316,8,725,75,184,1510
3116,Q317,8,1129,927,1128,1221
3117,Q318,8,825,561,48,1484
3118,Q319,8,967,743,148,1382
3119,Q320,8,1097,782,1056,1413
3120,Q321,8,529,185,405,1540
3121,Q322,8,822,532,159,1248
3122,Q323,8,640,1147,759,1342
3123,Q324,8,303,806,582,1269
3124,Q325,8,994,528,1190,1320
3125,Q326,8,352,758,827,1576
3126,Q327,8,176,702,862,1384
3127,Q328,8,468,330,972,1508
3128,Q329,8,1106,336,851,1250
3129,Q330,8,211,719,386,1209
3130,Q331,8,20,680,1084,1312
3131,Q332,8,87,1112,1176,1293
3132,Q333,8,984,727,893,1553
3133,Q334,8,879,1031,461,1390
3134,Q335,8,7,483,1019,1442
3135,Q336,8,417,723,286,1263
3136,Q337,8,2,1014,855,1523
3137,Q338,8,41,619,154,1385
3138,Q339,8,980,208,5,1536
3139,Q340,8,1089,95,235,1522
3140,Q341,8,817,91,1159,1466
3141,Q342,8,1008,1192,238,1459
3142,Q343,8,1104,309,12,1276
3143,Q344,8,740,1196,84,1388
3144,Q345,8,1094,679,155,1249
3145,Q346,8,543,887,1119,1380
3146,Q347,8,100,392,1153,1225
3147,Q348,8,784,811,499,1559
3148,Q349,8,67,195,257,1212
3149,Q350,8,460,525,747,1279
3150,Q351,8,602,327,715,1581
3151,Q352,8,803,1009,284,1235
3152,Q353,8,245,748,314,1284
3153,Q354,8,307,388,115,1376
3154,Q355,8,938,368,708,1343
3155,Q356,8,586,601,1045,1597
3156,Q357,8,624,773,199,1254
3157,Q358,8,552,273,324,1301
3158,Q359,8,443,490,585,1231
3159,Q360,8,771,225,38,1302
3160,Q361,8,644,576,669,1432
3161,Q362,8,26,190,604,1359
3162,Q363,8,798,534,1,1268
3163,Q364,8,551,571,661,1298
3164,Q365,8,304,186,557,1253
3165,Q366,8,965,112,214,1558
3166,Q367,8,205,465,1120,1314
3167,Q368,8,58,494,962,1208
3168,Q369,8,567,616,969,1335
3169,Q370,8,249,1073,400,1398
3170,Q371,8,64,70,1107,1491
3171,Q372,8,49,97,814,1529
3172,Q373,8,913,1193,909,1587
3173,Q374,8,988,1199,613,1591
3174,Q375,8,900,1006,1166,1493
3175,Q376,8,1163,130,954,1240
3176,Q377,8,438,732,566,1294
3177,Q378,8,1140,53,1165,1569
3178,Q379,8,794,1069,1158,1371
3179,Q380,8,581,244,274,1590
3180,Q381,8,83,364,945,1372
3181,Q382,8,622,783,23,1234
3182,Q383,8,905,1071,711,1481
3183,Q384,8,268,641,718,1328
3184,Q385,8,384,977,788,1556
3185,Q386,8,19,766,545,1218
3186,Q387,8,219,952,82,1435
3187,Q388,8,98,992,162,1244
3188,Q389,8,482,808,755,1457
3189,Q390,8,647,411,948,1287
3190,Q391,8,701,1111,426,1265
3191,Q392,8,409,531,1015,1230
3192,Q393,8,354,1133,917,1351
3193,Q394,8,683,120,826,1467
3194,Q395,8,1157,228,536,1498
3195,Q396,8,915,527,744,1322
3196,Q397,8,127,504,863,1425
3197,Q398,8,381,645,295,1496
3198,Q399,8,538,357,1095,1531
3199,Q400,8,1131,144,721,1261
